,pid,Beryl,nclus,#pids
0,47be9ae4-290f-46ab-b047-952bc3a1a509,COAp,16,12
1,47be9ae4-290f-46ab-b047-952bc3a1a509,PA,10,10
2,47be9ae4-290f-46ab-b047-952bc3a1a509,BMA,105,9
3,47be9ae4-290f-46ab-b047-952bc3a1a509,IA,13,2
4,47be9ae4-290f-46ab-b047-952bc3a1a509,CEA,81,9
5,47be9ae4-290f-46ab-b047-952bc3a1a509,GPe,24,8
6,6be21156-33b0-4f70-9a0f-65b3e3cd6d4a,VPM,13,33
7,6be21156-33b0-4f70-9a0f-65b3e3cd6d4a,LGd,28,20
10,6be21156-33b0-4f70-9a0f-65b3e3cd6d4a,CA1,11,118
15,1e176f17-d00f-49bb-87ff-26d237b525f1,VPM,14,33
20,1e176f17-d00f-49bb-87ff-26d237b525f1,CA1,12,118
21,1e176f17-d00f-49bb-87ff-26d237b525f1,VISa,18,41
22,701026df-e170-4ca7-88aa-eb0b95ef6ba1,ENTm,36,12
26,701026df-e170-4ca7-88aa-eb0b95ef6ba1,CA1,31,118
27,6506252f-1141-4e11-8816-4db01b71dda0,COAp,65,12
28,6506252f-1141-4e11-8816-4db01b71dda0,PA,42,10
31,6506252f-1141-4e11-8816-4db01b71dda0,CA3,27,59
35,d213e786-4b1c-477d-a710-766d69fa1ac1,VISp,11,26
36,73ff4936-8cd3-4a75-a772-f563e67d249d,BST,14,10
37,73ff4936-8cd3-4a75-a772-f563e67d249d,CP,28,58
38,73ff4936-8cd3-4a75-a772-f563e67d249d,MOp,17,30
39,ac088ddb-9e1e-49ae-b341-46a8445cf809,LHA,15,9
41,ac088ddb-9e1e-49ae-b341-46a8445cf809,AM,21,6
43,664600f8-a8b6-416c-adca-3ad7b423f771,AAA,10,4
46,664600f8-a8b6-416c-adca-3ad7b423f771,CP,18,58
48,7b05cccc-44f6-4491-a0ea-e38d6e95513d,PIR,29,19
49,7b05cccc-44f6-4491-a0ea-e38d6e95513d,EPd,17,8
50,7b05cccc-44f6-4491-a0ea-e38d6e95513d,AIv,19,5
51,7b05cccc-44f6-4491-a0ea-e38d6e95513d,CLA,13,4
53,7b05cccc-44f6-4491-a0ea-e38d6e95513d,MOp,20,30
54,99993a2b-588e-4c0c-bfec-e3dfb4f61534,AON,38,14
55,99993a2b-588e-4c0c-bfec-e3dfb4f61534,ORBl,51,9
56,99993a2b-588e-4c0c-bfec-e3dfb4f61534,AId,23,10
57,99993a2b-588e-4c0c-bfec-e3dfb4f61534,MOs,12,39
58,298e2a70-9801-45f0-b91c-d6bb9718427e,AON,37,14
59,298e2a70-9801-45f0-b91c-d6bb9718427e,TTd,23,11
60,298e2a70-9801-45f0-b91c-d6bb9718427e,DP,33,13
61,298e2a70-9801-45f0-b91c-d6bb9718427e,ILA,42,9
62,298e2a70-9801-45f0-b91c-d6bb9718427e,PL,50,15
63,298e2a70-9801-45f0-b91c-d6bb9718427e,ACAd,31,15
64,298e2a70-9801-45f0-b91c-d6bb9718427e,MOs,15,39
66,9dff5593-e781-41a3-a6f9-20d06085e4f8,SI,17,23
70,c4b5a9fa-10cb-4195-9c17-15b6a1f77f9a,CP,81,58
71,c4b5a9fa-10cb-4195-9c17-15b6a1f77f9a,SSp-m,33,11
72,c4b5a9fa-10cb-4195-9c17-15b6a1f77f9a,SSp-ul,26,12
77,f93bfce4-e814-4ae3-9cdf-59f4dcdedf51,Eth,18,16
78,f93bfce4-e814-4ae3-9cdf-59f4dcdedf51,SGN,19,7
79,f93bfce4-e814-4ae3-9cdf-59f4dcdedf51,LP,31,59
82,511afaa5-fdc4-4166-b4c0-4629ec5e652e,ANcr2,15,14
84,decc8d40-cf74-4263-ae9d-a0cc68b47e86,CP,52,58
85,decc8d40-cf74-4263-ae9d-a0cc68b47e86,MOp,60,30
87,16ad5eef-3fa6-4c75-9296-29bf40c5cfaa,PRM,10,15
88,16ad5eef-3fa6-4c75-9296-29bf40c5cfaa,ANcr2,36,14
89,16ad5eef-3fa6-4c75-9296-29bf40c5cfaa,ANcr1,21,8
95,7332e6cf-9847-4aca-b2e3-d864989dd0fb,GRN,31,12
96,7332e6cf-9847-4aca-b2e3-d864989dd0fb,PGRN,12,7
98,7332e6cf-9847-4aca-b2e3-d864989dd0fb,CENT3,12,19
100,789fd2ee-c755-46c5-9c6f-260092520216,IP,41,20
102,789fd2ee-c755-46c5-9c6f-260092520216,ANcr1,22,8
104,b7c57ce1-a75b-410a-94b6-8abee5a92c4f,PAG,18,36
105,b7c57ce1-a75b-410a-94b6-8abee5a92c4f,SCm,21,38
107,0909252c-3ad0-413f-96f5-7eff885b50aa,V,20,6
108,0909252c-3ad0-413f-96f5-7eff885b50aa,PB,37,19
109,0909252c-3ad0-413f-96f5-7eff885b50aa,CUN,12,7
111,e45a00b1-14a0-4f5e-9ea5-9f76d042b11c,PO,34,42
113,e45a00b1-14a0-4f5e-9ea5-9f76d042b11c,LP,20,59
115,e45a00b1-14a0-4f5e-9ea5-9f76d042b11c,VISa,11,41
118,117f0d28-3cc0-4837-9e3e-46db5bc3e662,GPe,25,8
119,117f0d28-3cc0-4837-9e3e-46db5bc3e662,CP,12,58
121,01864e9d-0dbe-41d4-9e3a-0285348ecfc1,PRNr,38,12
122,01864e9d-0dbe-41d4-9e3a-0285348ecfc1,PPN,28,8
123,01864e9d-0dbe-41d4-9e3a-0285348ecfc1,MRN,14,74
125,a9e83d8a-7c90-4152-abad-53a1ad94d73a,BST,15,10
128,0777b1bf-964b-49b7-888b-8a6c9df09c3b,CP,19,58
130,9793c99d-f918-4931-8bba-fdb978bd8e0a,SOC,13,2
131,9793c99d-f918-4931-8bba-fdb978bd8e0a,PRNr,66,12
132,9793c99d-f918-4931-8bba-fdb978bd8e0a,MRN,32,74
133,9793c99d-f918-4931-8bba-fdb978bd8e0a,PAG,14,36
134,08ed0b3c-9f94-4c1f-8522-3d42a642a6b0,PIR,10,19
135,08ed0b3c-9f94-4c1f-8522-3d42a642a6b0,EPd,17,8
137,08ed0b3c-9f94-4c1f-8522-3d42a642a6b0,CP,40,58
138,a85b9795-f99c-4c1d-a376-8b5ef095ffd7,CP,24,58
140,43b9b189-5221-46a0-928a-e137bc326534,SPVO,14,6
145,c410fda5-a6db-4697-a7e3-6ed65601844d,CUN,18,7
146,c410fda5-a6db-4697-a7e3-6ed65601844d,IC,15,16
148,ce0dc660-f19e-46a3-94f9-646bebae6805,ENTl,104,12
150,ef7e9f3e-a53a-4e00-8f6a-537667af2bea,ENTm,21,12
151,ef7e9f3e-a53a-4e00-8f6a-537667af2bea,ENTl,17,12
154,4431f9fd-aaa8-4b10-905c-0c6869ea1088,DCO,22,10
155,4431f9fd-aaa8-4b10-905c-0c6869ea1088,DN,10,6
156,4431f9fd-aaa8-4b10-905c-0c6869ea1088,ANcr1,24,8
159,5f7766ce-8e2e-410c-9195-6bf089fea4fd,SIM,21,16
163,e9c04e7e-c075-4ee3-9750-dff255ec7e84,ANcr2,10,14
167,18be19f9-6ca5-4fc8-9220-ba43c3e75905,SNr,15,14
172,18be19f9-6ca5-4fc8-9220-ba43c3e75905,APN,17,40
176,1a60a6e1-da99-4d4e-a734-39b1d4544fad,PO,48,42
177,1a60a6e1-da99-4d4e-a734-39b1d4544fad,LP,33,59
179,1a60a6e1-da99-4d4e-a734-39b1d4544fad,CA1,14,118
180,1a60a6e1-da99-4d4e-a734-39b1d4544fad,VISa,14,41
186,e7080659-8319-48a6-b6fd-2e8ce8eeec49,SCm,19,38
187,e7080659-8319-48a6-b6fd-2e8ce8eeec49,RSPv,43,20
189,7c11adc6-adbd-484f-8ae9-13946285e3f8,VCO,19,3
194,e4632651-5ba7-48a7-86db-5298b45a5bac,PRNc,17,7
197,e4632651-5ba7-48a7-86db-5298b45a5bac,IC,24,16
198,98bde8a6-6b6a-4e53-96b1-9078c3974a97,PIR,10,19
202,98bde8a6-6b6a-4e53-96b1-9078c3974a97,GU,11,3
203,98bde8a6-6b6a-4e53-96b1-9078c3974a97,SSp-m,10,11
204,79fbd14b-bfad-4b28-90a9-3019bf72336f,CP,15,58
205,79fbd14b-bfad-4b28-90a9-3019bf72336f,SSp-n,28,4
206,a4ed0599-4a72-4afb-8fe9-d0d046aec6aa,PFL,10,6
208,f8249eab-d4c2-4fb0-a258-7f4b99fa19e4,PIR,26,19
209,f8249eab-d4c2-4fb0-a258-7f4b99fa19e4,EPd,13,8
211,f8249eab-d4c2-4fb0-a258-7f4b99fa19e4,AId,24,10
213,f8249eab-d4c2-4fb0-a258-7f4b99fa19e4,GU,20,3
214,f8249eab-d4c2-4fb0-a258-7f4b99fa19e4,SSp-m,11,11
215,4e6dfe08-cab0-4a05-903b-94283cb9f8e7,CENT2,26,10
223,7587e3bb-dd11-4853-b48b-feab0b56ae05,LAV,15,6
224,7587e3bb-dd11-4853-b48b-feab0b56ae05,SUV,12,8
231,7dcd74a9-fc7a-4c3c-85b9-769d869629ec,RT,10,16
235,89606895-287e-4559-8536-9830b047af34,NTS,32,11
236,89606895-287e-4559-8536-9830b047af34,CU,13,2
242,450cea3b-9289-4708-9df2-a2518bdc4b59,ACB,10,19
243,450cea3b-9289-4708-9df2-a2518bdc4b59,CP,30,58
244,450cea3b-9289-4708-9df2-a2518bdc4b59,MOs,22,39
245,afecbc7f-10e3-40af-b091-cca9e8df6108,ENTm,33,12
246,afecbc7f-10e3-40af-b091-cca9e8df6108,ENTl,17,12
250,9991277b-9e8e-4db8-b8a6-e2c0176ef9ad,CENT2,11,10
251,9991277b-9e8e-4db8-b8a6-e2c0176ef9ad,CENT3,33,19
253,aeb06797-fddf-4ad2-b0ef-dd1b0f54d034,PRNr,38,12
254,aeb06797-fddf-4ad2-b0ef-dd1b0f54d034,MRN,23,74
255,aeb06797-fddf-4ad2-b0ef-dd1b0f54d034,PPN,14,8
256,aeb06797-fddf-4ad2-b0ef-dd1b0f54d034,PAG,18,36
259,5e84c8e7-236f-4a64-a944-dc4a17c64f1d,VAL,18,7
260,5e84c8e7-236f-4a64-a944-dc4a17c64f1d,AV,17,6
263,8fbfa285-d721-4a1a-8c18-f36652c17909,LGd,25,20
266,8fbfa285-d721-4a1a-8c18-f36652c17909,VISrl,30,5
268,53b58cc3-8d88-4257-aa63-48da088f2091,MEA,24,9
270,53b58cc3-8d88-4257-aa63-48da088f2091,RT,19,16
273,00a824c0-e060-495f-9ebc-79c82fef4c67,SCm,18,38
275,00a824c0-e060-495f-9ebc-79c82fef4c67,RSPv,17,20
277,00a824c0-e060-495f-9ebc-79c82fef4c67,RSPagl,25,16
279,0ece5c6a-7d1e-4365-893d-ac1cc04f1d7b,GRN,15,12
280,0ece5c6a-7d1e-4365-893d-ac1cc04f1d7b,PRP,10,6
282,0ece5c6a-7d1e-4365-893d-ac1cc04f1d7b,NOD,21,9
284,e070023a-2a5d-4398-ad66-f9ed5d517ad1,IRN,14,22
288,e070023a-2a5d-4398-ad66-f9ed5d517ad1,SPIV,11,10
291,e070023a-2a5d-4398-ad66-f9ed5d517ad1,CUL4 5,21,25
294,0393f34c-a2bd-4c01-99c9-f6b4ec6e786d,APN,22,40
296,0393f34c-a2bd-4c01-99c9-f6b4ec6e786d,CA1,22,118
297,0393f34c-a2bd-4c01-99c9-f6b4ec6e786d,VISpm,37,11
298,0393f34c-a2bd-4c01-99c9-f6b4ec6e786d,VISam,26,16
299,45c49ba2-a113-4446-9c6d-9b049c1f9f74,RT,54,16
306,f86e9571-63ff-4116-9c40-aa44d57d2da9,VISa,20,41
307,f86e9571-63ff-4116-9c40-aa44d57d2da9,VISam,13,16
308,fd555d39-b728-44aa-90d2-796b8bb58300,PAA,34,3
311,fd555d39-b728-44aa-90d2-796b8bb58300,CP,69,58
315,531423f6-d36d-472b-8234-c8f7b8293f79,LP,13,59
318,531423f6-d36d-472b-8234-c8f7b8293f79,VISa,41,41
320,ae2b9f1b-ebe3-4b56-8957-31982186e6ec,LSr,41,24
322,ae2b9f1b-ebe3-4b56-8957-31982186e6ec,MOs,42,39
323,c536b0a9-b710-43c3-ba2c-5a0cccf98ec2,CA3,14,59
324,c536b0a9-b710-43c3-ba2c-5a0cccf98ec2,CA2,23,10
325,c536b0a9-b710-43c3-ba2c-5a0cccf98ec2,CA1,17,118
327,e55266c7-eb05-47bb-b263-1cc08dc3c00c,APN,17,40
329,e55266c7-eb05-47bb-b263-1cc08dc3c00c,DG,13,95
330,e55266c7-eb05-47bb-b263-1cc08dc3c00c,CA1,17,118
331,e55266c7-eb05-47bb-b263-1cc08dc3c00c,VISam,44,16
332,e55266c7-eb05-47bb-b263-1cc08dc3c00c,VISa,28,41
333,f2ee886d-5b9c-4d06-a9be-ee7ae8381114,APN,14,40
337,f2ee886d-5b9c-4d06-a9be-ee7ae8381114,VISa,30,41
341,04690e35-ab38-41db-982c-50cbdf8d0dd1,ZI,17,34
343,04690e35-ab38-41db-982c-50cbdf8d0dd1,VPM,38,33
344,b46e219c-6a87-4a93-9924-1070841381e9,VPM,10,33
347,b46e219c-6a87-4a93-9924-1070841381e9,SSp-un,35,3
348,5810514e-2a86-4a34-b7bd-1e4b0b601295,VM,15,6
349,5810514e-2a86-4a34-b7bd-1e4b0b601295,VAL,19,7
352,1841cf1f-725d-499e-ab8e-7f6fc8c308b6,CA1,27,118
354,1841cf1f-725d-499e-ab8e-7f6fc8c308b6,CA3,14,59
356,220bca21-4cf8-43f1-a213-71645899c571,LGd,24,20
362,461ecb39-ab58-4a6c-acd7-22da5b4b4b22,MG,19,12
366,8d59da25-3a9c-44be-8b1a-e27cdd39ca34,VPM,10,33
368,8d59da25-3a9c-44be-8b1a-e27cdd39ca34,LP,19,59
376,43d4f889-4b05-44df-8306-ea10f854776f,RSPd,11,21
381,188fe7d5-fd1c-494f-88bc-672d77b9779e,DG,11,95
383,188fe7d5-fd1c-494f-88bc-672d77b9779e,SSp-tr,31,12
384,0ce74616-abf8-47c2-86d9-f821cd25efd3,CENT3,87,19
385,0ce74616-abf8-47c2-86d9-f821cd25efd3,CUL4 5,17,25
387,04db6b9e-a80c-4507-a98e-ad76294ac444,SUV,10,8
389,04db6b9e-a80c-4507-a98e-ad76294ac444,CENT3,30,19
391,e10a7a75-4740-41d1-82bb-7696ed14c442,MRN,20,74
392,e10a7a75-4740-41d1-82bb-7696ed14c442,SCm,16,38
393,e10a7a75-4740-41d1-82bb-7696ed14c442,RSPd,20,21
398,0eb65305-bb95-4bf1-a154-1b810c0cff25,VPL,10,17
399,0eb65305-bb95-4bf1-a154-1b810c0cff25,VPM,19,33
402,0eb65305-bb95-4bf1-a154-1b810c0cff25,CA1,12,118
403,0eb65305-bb95-4bf1-a154-1b810c0cff25,SSp-bfd,15,22
404,0eb65305-bb95-4bf1-a154-1b810c0cff25,VISrl,10,5
405,f9656eee-141c-453d-a016-4aba68f674dc,CP,205,58
412,d585f4b5-d154-4666-92c4-eb219f1e0f02,VISa,36,41
413,d585f4b5-d154-4666-92c4-eb219f1e0f02,VISam,11,16
414,eeb27b45-5b85-4e5c-b6ff-f639ca5687de,PO,27,42
415,eeb27b45-5b85-4e5c-b6ff-f639ca5687de,LP,49,59
418,eeb27b45-5b85-4e5c-b6ff-f639ca5687de,VISa,49,41
420,acf04c3f-650a-4de0-b0d0-edf695dd2025,ILA,44,9
421,acf04c3f-650a-4de0-b0d0-edf695dd2025,PL,15,15
422,acf04c3f-650a-4de0-b0d0-edf695dd2025,MOs,82,39
423,5458cb27-d065-4626-bcd8-1aa775e1115e,TTd,25,11
424,5458cb27-d065-4626-bcd8-1aa775e1115e,DP,13,13
427,5458cb27-d065-4626-bcd8-1aa775e1115e,ACAd,45,15
429,bf591043-03c2-48bb-9197-e17e85aaeb8f,GPe,15,8
430,bf591043-03c2-48bb-9197-e17e85aaeb8f,CP,24,58
432,2d2cdf86-4a0c-42d8-aed3-5b187f160013,CP,41,58
433,2d2cdf86-4a0c-42d8-aed3-5b187f160013,MOp,54,30
434,79628a45-c2e3-4206-97df-4c91edaff90f,CP,52,58
435,79628a45-c2e3-4206-97df-4c91edaff90f,MOp,56,30
438,c42574be-0456-437f-8329-afc5a63b7e78,SI,13,23
439,c42574be-0456-437f-8329-afc5a63b7e78,GPe,11,8
440,e88eb9f8-fff3-469a-854d-d16adef19df0,MOp,64,30
443,69f42a9c-095d-4a25-bca8-61a9869871d3,Eth,13,16
445,69f42a9c-095d-4a25-bca8-61a9869871d3,LP,20,59
448,69f42a9c-095d-4a25-bca8-61a9869871d3,VISam,11,16
449,69f42a9c-095d-4a25-bca8-61a9869871d3,VISpm,33,11
450,8169d556-f994-4735-b4c8-f7c85ddc39b0,MRN,14,74
451,8169d556-f994-4735-b4c8-f7c85ddc39b0,APN,18,40
454,8169d556-f994-4735-b4c8-f7c85ddc39b0,VISpm,44,11
455,5a9f8899-556a-43ea-892d-5e35b969ff38,BMA,14,9
456,50f1512d-dd41-4a0c-b3ab-b0564f0424d7,MRN,17,74
459,50f1512d-dd41-4a0c-b3ab-b0564f0424d7,DG,30,95
461,50f1512d-dd41-4a0c-b3ab-b0564f0424d7,CA1,13,118
462,f4ff3ff8-19b7-40c7-bf6f-8b577b811ed1,COAa,14,2
465,f4ff3ff8-19b7-40c7-bf6f-8b577b811ed1,CP,53,58
466,35897454-8702-4dc4-9865-7f01fa65f355,GRN,10,12
471,9f99bd34-40d4-4aac-ae2b-7bc7f7086ccb,AON,12,14
472,9f99bd34-40d4-4aac-ae2b-7bc7f7086ccb,ORBvl,16,7
473,9f99bd34-40d4-4aac-ae2b-7bc7f7086ccb,ORBl,59,9
474,9f99bd34-40d4-4aac-ae2b-7bc7f7086ccb,FRP,13,10
475,9f99bd34-40d4-4aac-ae2b-7bc7f7086ccb,MOs,82,39
477,62a97aee-9f8b-40be-9ea7-f785ede30df8,DP,17,13
478,62a97aee-9f8b-40be-9ea7-f785ede30df8,ORBm,10,8
479,62a97aee-9f8b-40be-9ea7-f785ede30df8,ORBvl,157,7
480,62a97aee-9f8b-40be-9ea7-f785ede30df8,FRP,14,10
489,7bc16ab1-1b0d-4f52-9e4b-210106ea344c,GRN,14,12
490,7bc16ab1-1b0d-4f52-9e4b-210106ea344c,IRN,19,22
493,7bc16ab1-1b0d-4f52-9e4b-210106ea344c,NOD,15,9
494,8d0a5caf-2be2-48c1-bf1a-f538bacd46b4,IP,10,20
495,8d0a5caf-2be2-48c1-bf1a-f538bacd46b4,CUL4 5,167,25
497,516b2043-0176-49a3-a986-132b3d02f28a,MPO,11,3
499,516b2043-0176-49a3-a986-132b3d02f28a,MS,22,5
500,516b2043-0176-49a3-a986-132b3d02f28a,LSr,43,24
501,44f5caad-c703-4279-866b-0303e57d2a7f,V,12,6
506,44f5caad-c703-4279-866b-0303e57d2a7f,POST,15,12
510,f74a6b9a-b8a5-4c80-9c30-7dd4cdbb48c0,MS,27,5
511,f74a6b9a-b8a5-4c80-9c30-7dd4cdbb48c0,LSr,52,24
513,e42e948c-3154-45cb-bf52-408b7cda0f2f,MRN,13,74
515,e42e948c-3154-45cb-bf52-408b7cda0f2f,DG,14,95
516,e42e948c-3154-45cb-bf52-408b7cda0f2f,ProS,28,15
519,f967a527-257f-404a-871d-b91575dca3b4,PO,65,42
520,f967a527-257f-404a-871d-b91575dca3b4,LD,38,16
521,f967a527-257f-404a-871d-b91575dca3b4,CA3,13,59
522,f967a527-257f-404a-871d-b91575dca3b4,SSp-ul,48,12
525,c07d13ed-e387-4457-8e33-1d16aed3fd92,PO,17,42
526,c07d13ed-e387-4457-8e33-1d16aed3fd92,LP,34,59
527,c07d13ed-e387-4457-8e33-1d16aed3fd92,DG,10,95
532,ad256265-03f2-4b4e-954b-0ba0c5cf6707,PF,11,4
533,ad256265-03f2-4b4e-954b-0ba0c5cf6707,Eth,13,16
534,ad256265-03f2-4b4e-954b-0ba0c5cf6707,PO,10,42
535,ad256265-03f2-4b4e-954b-0ba0c5cf6707,LP,10,59
537,94e948c1-f7be-4868-893a-f7cd2df3313e,MRN,14,74
538,94e948c1-f7be-4868-893a-f7cd2df3313e,APN,38,40
542,3d3d5a5e-df26-43ee-80b6-2d72d85668a5,MRN,23,74
543,3d3d5a5e-df26-43ee-80b6-2d72d85668a5,APN,15,40
544,3d3d5a5e-df26-43ee-80b6-2d72d85668a5,POL,19,13
545,3d3d5a5e-df26-43ee-80b6-2d72d85668a5,LP,12,59
547,3d3d5a5e-df26-43ee-80b6-2d72d85668a5,CA1,12,118
548,3d3d5a5e-df26-43ee-80b6-2d72d85668a5,VISp,38,26
549,b83407f8-8220-46f9-9b90-a4c9f150c572,MRN,24,74
550,b83407f8-8220-46f9-9b90-a4c9f150c572,SCm,29,38
554,b83407f8-8220-46f9-9b90-a4c9f150c572,VISpm,35,11
555,eebcaf65-7fa4-4118-869d-a084e84530e2,RN,28,11
556,eebcaf65-7fa4-4118-869d-a084e84530e2,MRN,23,74
557,eebcaf65-7fa4-4118-869d-a084e84530e2,SCm,15,38
560,eebcaf65-7fa4-4118-869d-a084e84530e2,SUB,43,22
561,eebcaf65-7fa4-4118-869d-a084e84530e2,ProS,13,15
562,eebcaf65-7fa4-4118-869d-a084e84530e2,VISam,51,16
563,2e720cee-05cc-440e-a24b-13794b1ac01d,GRN,11,12
564,2e720cee-05cc-440e-a24b-13794b1ac01d,IRN,21,22
565,2e720cee-05cc-440e-a24b-13794b1ac01d,MV,33,19
567,a94a0023-d461-49fa-8cc6-032237039c27,RN,22,11
568,a94a0023-d461-49fa-8cc6-032237039c27,MRN,35,74
569,a94a0023-d461-49fa-8cc6-032237039c27,SCm,43,38
570,a94a0023-d461-49fa-8cc6-032237039c27,SUB,13,22
573,f9d8aacd-b2a0-49f2-bd71-c2f5aadcfdd1,MRN,28,74
574,f9d8aacd-b2a0-49f2-bd71-c2f5aadcfdd1,POL,29,13
575,f9d8aacd-b2a0-49f2-bd71-c2f5aadcfdd1,APN,16,40
578,f9d8aacd-b2a0-49f2-bd71-c2f5aadcfdd1,CA1,29,118
579,f9d8aacd-b2a0-49f2-bd71-c2f5aadcfdd1,VISp,37,26
580,6358854e-51d2-47de-a278-5cbfd155feb6,MS,17,5
581,6358854e-51d2-47de-a278-5cbfd155feb6,LSr,98,24
582,6358854e-51d2-47de-a278-5cbfd155feb6,ACAv,23,13
584,6358854e-51d2-47de-a278-5cbfd155feb6,ACAd,13,15
585,6358854e-51d2-47de-a278-5cbfd155feb6,MOs,72,39
586,c872ca65-8319-4901-856e-7dc507e2dd9c,NDB,55,5
588,c872ca65-8319-4901-856e-7dc507e2dd9c,CP,15,58
590,f083fcd5-e456-433d-8aa5-6ace0a7ac170,NLL,38,4
591,f083fcd5-e456-433d-8aa5-6ace0a7ac170,SAG,28,2
592,f083fcd5-e456-433d-8aa5-6ace0a7ac170,MRN,12,74
593,f083fcd5-e456-433d-8aa5-6ace0a7ac170,IC,15,16
594,f083fcd5-e456-433d-8aa5-6ace0a7ac170,SCm,13,38
595,f083fcd5-e456-433d-8aa5-6ace0a7ac170,SCs,10,19
596,501ab543-9d02-4085-956d-22b9b3eeb543,ZI,18,34
597,501ab543-9d02-4085-956d-22b9b3eeb543,VPL,30,17
599,501ab543-9d02-4085-956d-22b9b3eeb543,LGd,44,20
601,501ab543-9d02-4085-956d-22b9b3eeb543,CA3,69,59
602,501ab543-9d02-4085-956d-22b9b3eeb543,SSp-bfd,58,22
604,54455bff-7afd-4a16-835f-f79b7c30bae9,RSPv,10,20
605,54455bff-7afd-4a16-835f-f79b7c30bae9,RSPd,34,21
606,7c94d733-b913-4064-83f2-37422712204c,CP,104,58
607,7c94d733-b913-4064-83f2-37422712204c,MOp,64,30
609,6ad5a0a6-362a-4aec-8743-2e91469b0b62,TTd,68,11
610,6ad5a0a6-362a-4aec-8743-2e91469b0b62,DP,87,13
611,6ad5a0a6-362a-4aec-8743-2e91469b0b62,ILA,110,9
613,6ad5a0a6-362a-4aec-8743-2e91469b0b62,PL,71,15
616,80f6ffdd-f692-450f-ab19-cd6d45bfd73e,POL,17,13
617,80f6ffdd-f692-450f-ab19-cd6d45bfd73e,APN,21,40
618,80f6ffdd-f692-450f-ab19-cd6d45bfd73e,LP,32,59
619,80f6ffdd-f692-450f-ab19-cd6d45bfd73e,DG,13,95
620,80f6ffdd-f692-450f-ab19-cd6d45bfd73e,CA1,26,118
621,80f6ffdd-f692-450f-ab19-cd6d45bfd73e,VISa,59,41
622,ac839451-05bc-493e-b167-558b2b195baa,MRN,10,74
623,ac839451-05bc-493e-b167-558b2b195baa,APN,36,40
625,ac839451-05bc-493e-b167-558b2b195baa,CA1,26,118
626,ac839451-05bc-493e-b167-558b2b195baa,VISam,84,16
627,02cc03e4-8015-4050-bb42-6c832091febb,MRN,27,74
628,02cc03e4-8015-4050-bb42-6c832091febb,APN,32,40
630,02cc03e4-8015-4050-bb42-6c832091febb,CA1,14,118
631,02cc03e4-8015-4050-bb42-6c832091febb,VISa,14,41
634,afe87fbb-3a17-461f-b333-e22903f1d70d,Eth,48,16
635,afe87fbb-3a17-461f-b333-e22903f1d70d,LP,38,59
636,afe87fbb-3a17-461f-b333-e22903f1d70d,DG,27,95
637,afe87fbb-3a17-461f-b333-e22903f1d70d,CA1,17,118
638,afe87fbb-3a17-461f-b333-e22903f1d70d,VISa,44,41
642,5245b505-d0e7-4942-94d1-b33a084fab03,MOp,220,30
643,5245b505-d0e7-4942-94d1-b33a084fab03,MOs,23,39
644,29418b18-4db6-436f-a85e-b0f1d38d2e62,ENTm,139,12
645,29418b18-4db6-436f-a85e-b0f1d38d2e62,VISpl,51,4
646,29418b18-4db6-436f-a85e-b0f1d38d2e62,VISp,33,26
647,53ecbf4f-e0d8-4fe6-a852-8b934a37a1c2,MRN,39,74
648,53ecbf4f-e0d8-4fe6-a852-8b934a37a1c2,RN,52,11
649,53ecbf4f-e0d8-4fe6-a852-8b934a37a1c2,SCm,56,38
651,b543e81e-4c8f-415e-82ec-631b177d19d2,PAG,14,36
652,b543e81e-4c8f-415e-82ec-631b177d19d2,SCm,16,38
654,b543e81e-4c8f-415e-82ec-631b177d19d2,RSPv,42,20
658,9150758e-1390-41d1-b426-96675e60dbea,APN,25,40
667,fe2d6fc9-b0c4-4256-b427-9c06950da925,PAG,10,36
668,fe2d6fc9-b0c4-4256-b427-9c06950da925,SCm,19,38
670,ea931b15-6214-4b80-8d88-7acbbe071bc0,MRN,34,74
671,ea931b15-6214-4b80-8d88-7acbbe071bc0,SCm,33,38
673,31811232-52ef-456c-9772-5021c00b2bc9,ZI,19,34
674,31811232-52ef-456c-9772-5021c00b2bc9,LGd,24,20
676,31811232-52ef-456c-9772-5021c00b2bc9,CA1,18,118
678,fa539f97-a078-4fc6-9a12-237799466d9c,SNr,15,14
686,c0c3bcca-6a79-47ef-becb-b1a157a3f2cb,PRNr,29,12
687,c0c3bcca-6a79-47ef-becb-b1a157a3f2cb,MRN,42,74
689,c0c3bcca-6a79-47ef-becb-b1a157a3f2cb,SCm,15,38
692,d595ee58-75bb-4df3-96de-d9b4f4d1f6ab,MRN,12,74
693,d595ee58-75bb-4df3-96de-d9b4f4d1f6ab,PAG,17,36
694,d595ee58-75bb-4df3-96de-d9b4f4d1f6ab,SCm,10,38
696,15a2a63f-739d-4eb0-ab8f-fc95b6299b68,PRNr,10,12
697,15a2a63f-739d-4eb0-ab8f-fc95b6299b68,MRN,22,74
698,15a2a63f-739d-4eb0-ab8f-fc95b6299b68,SCm,17,38
700,46448da7-ad7b-4ca8-b3ab-2d1d47439cbf,MRN,18,74
701,46448da7-ad7b-4ca8-b3ab-2d1d47439cbf,SCm,22,38
702,46448da7-ad7b-4ca8-b3ab-2d1d47439cbf,SCs,11,19
704,3675290c-8134-4598-b924-83edb7940269,MRN,10,74
705,3675290c-8134-4598-b924-83edb7940269,SCm,18,38
709,82765a73-2a03-42ca-ba98-194247caa62e,MG,21,12
710,82765a73-2a03-42ca-ba98-194247caa62e,LGd,11,20
715,adca9242-0725-41d4-8eb1-5655a464431d,LSr,45,24
717,adca9242-0725-41d4-8eb1-5655a464431d,ACAv,24,13
718,adca9242-0725-41d4-8eb1-5655a464431d,ACAd,21,15
719,adca9242-0725-41d4-8eb1-5655a464431d,MOs,41,39
720,e8129a86-b5a9-4d2e-9e9c-09689c9bf0b3,COAp,12,12
721,e8129a86-b5a9-4d2e-9e9c-09689c9bf0b3,PA,21,10
723,e8129a86-b5a9-4d2e-9e9c-09689c9bf0b3,ZI,12,34
725,e8129a86-b5a9-4d2e-9e9c-09689c9bf0b3,VPM,30,33
726,e8129a86-b5a9-4d2e-9e9c-09689c9bf0b3,PO,11,42
727,e8129a86-b5a9-4d2e-9e9c-09689c9bf0b3,LP,10,59
728,6a22a5b4-79ec-4b3c-b023-1ec7b4a2b675,LSr,57,24
729,6a22a5b4-79ec-4b3c-b023-1ec7b4a2b675,IG,12,2
730,6a22a5b4-79ec-4b3c-b023-1ec7b4a2b675,ACAv,47,13
731,6a22a5b4-79ec-4b3c-b023-1ec7b4a2b675,ACAd,84,15
734,aab5be05-5c1c-4c08-9739-1274bc3bcf4f,ZI,11,34
738,aab5be05-5c1c-4c08-9739-1274bc3bcf4f,APN,39,40
740,26af22bb-b295-4a45-8ed3-1700604c0708,LSr,41,24
742,26af22bb-b295-4a45-8ed3-1700604c0708,ACAv,31,13
743,26af22bb-b295-4a45-8ed3-1700604c0708,ACAd,18,15
744,26af22bb-b295-4a45-8ed3-1700604c0708,MOs,22,39
745,f44d2056-644c-4769-a189-7efe67b0269d,SNr,11,14
748,f44d2056-644c-4769-a189-7efe67b0269d,APN,10,40
752,45e7731f-4a43-45d5-9029-c080150bc596,LSr,25,24
753,45e7731f-4a43-45d5-9029-c080150bc596,TTd,24,11
754,45e7731f-4a43-45d5-9029-c080150bc596,ACAv,14,13
755,45e7731f-4a43-45d5-9029-c080150bc596,PL,43,15
756,45e7731f-4a43-45d5-9029-c080150bc596,ACAd,31,15
757,45e7731f-4a43-45d5-9029-c080150bc596,MOs,57,39
759,b749446c-18e3-4987-820a-50649ab0f826,PO,33,42
760,b749446c-18e3-4987-820a-50649ab0f826,LP,16,59
761,b749446c-18e3-4987-820a-50649ab0f826,DG,13,95
762,b749446c-18e3-4987-820a-50649ab0f826,CA1,10,118
763,b749446c-18e3-4987-820a-50649ab0f826,VISa,64,41
765,10ef1dcd-093c-4839-8f38-90a25edefb49,MRN,10,74
767,10ef1dcd-093c-4839-8f38-90a25edefb49,PAG,32,36
768,b98f6b89-3de4-4295-be1c-59e465de1e32,PIR,47,19
769,b98f6b89-3de4-4295-be1c-59e465de1e32,AIp,19,4
770,b98f6b89-3de4-4295-be1c-59e465de1e32,CLA,15,4
771,b98f6b89-3de4-4295-be1c-59e465de1e32,CP,20,58
772,b98f6b89-3de4-4295-be1c-59e465de1e32,SSs,28,7
773,b98f6b89-3de4-4295-be1c-59e465de1e32,SSp-n,25,4
775,530f1670-9412-44ac-afdb-935d46bcaad3,MRN,17,74
776,530f1670-9412-44ac-afdb-935d46bcaad3,SCm,32,38
782,97207d87-3fcd-4ebb-b0c7-087bdbf8a95c,MRN,47,74
783,97207d87-3fcd-4ebb-b0c7-087bdbf8a95c,SCm,30,38
785,97207d87-3fcd-4ebb-b0c7-087bdbf8a95c,RSPd,17,21
787,97207d87-3fcd-4ebb-b0c7-087bdbf8a95c,VISp,23,26
788,0c42a3d2-beb7-4b7b-a9b5-1eea6c51e1f4,PVT,22,8
791,0c42a3d2-beb7-4b7b-a9b5-1eea6c51e1f4,LSc,12,8
792,0c42a3d2-beb7-4b7b-a9b5-1eea6c51e1f4,ACAv,20,13
793,0c42a3d2-beb7-4b7b-a9b5-1eea6c51e1f4,ACAd,11,15
795,f0dfd1c1-d315-4cf8-9130-05d3be2ea0cb,VII,13,3
796,f0dfd1c1-d315-4cf8-9130-05d3be2ea0cb,IRN,16,22
803,1d547041-230a-4af3-ba6a-7287de2bdec3,CENT2,14,10
805,1d547041-230a-4af3-ba6a-7287de2bdec3,IC,32,16
808,50445b30-f4ef-4405-b014-1d792ddfed88,MRN,14,74
809,50445b30-f4ef-4405-b014-1d792ddfed88,PAG,11,36
815,825ba9b8-ce03-49b7-b1a8-4d85ae2185af,IC,10,16
817,3017e4dc-2150-43ad-9b08-b95b48ba8dfa,PA,16,10
818,3017e4dc-2150-43ad-9b08-b95b48ba8dfa,MEA,30,9
819,3017e4dc-2150-43ad-9b08-b95b48ba8dfa,VPL,16,17
822,70da415f-444d-4148-ade7-a1f58a16fcf8,PoT,12,19
825,70da415f-444d-4148-ade7-a1f58a16fcf8,LP,29,59
831,70da415f-444d-4148-ade7-a1f58a16fcf8,VISa,34,41
835,437f43e1-9c8f-4be9-ac89-97885b0e03d0,CENT3,20,19
837,aecd7612-b5c5-4ad2-9e76-e5b783387e47,GRN,16,12
838,aecd7612-b5c5-4ad2-9e76-e5b783387e47,CENT2,22,10
842,8d661567-49f3-4547-997d-a345c0ffe2dd,AIp,54,4
843,8d661567-49f3-4547-997d-a345c0ffe2dd,VISC,30,2
844,8d661567-49f3-4547-997d-a345c0ffe2dd,SSs,32,7
847,1a276285-8b0e-4cc9-9f0a-a3a002978724,EPd,31,8
848,1a276285-8b0e-4cc9-9f0a-a3a002978724,CP,92,58
849,1a276285-8b0e-4cc9-9f0a-a3a002978724,SSp-m,109,11
852,72274871-80e5-4fb9-be1a-bb04acebb1de,ProS,25,15
855,ad315779-2b39-46c4-8348-b166e796fa7c,ILA,43,9
856,ad315779-2b39-46c4-8348-b166e796fa7c,PL,47,15
857,ad315779-2b39-46c4-8348-b166e796fa7c,ACAd,12,15
859,df350b09-a420-42bb-9952-17862cbb9f1c,AON,59,14
860,df350b09-a420-42bb-9952-17862cbb9f1c,ORBvl,177,7
862,df350b09-a420-42bb-9952-17862cbb9f1c,PL,16,15
863,df350b09-a420-42bb-9952-17862cbb9f1c,MOs,47,39
864,41ea689a-7e05-463b-915a-90e63b8c0572,PIR,15,19
865,41ea689a-7e05-463b-915a-90e63b8c0572,AIv,30,5
866,41ea689a-7e05-463b-915a-90e63b8c0572,AId,46,10
867,41ea689a-7e05-463b-915a-90e63b8c0572,MOp,60,30
871,cc9d666c-6fe5-418d-9b37-114428d25454,SUB,19,22
873,cc9d666c-6fe5-418d-9b37-114428d25454,VISpm,13,11
876,a8adabd7-7979-4fcf-99e7-d9bd9d27896f,ACB,20,19
877,a8adabd7-7979-4fcf-99e7-d9bd9d27896f,CP,18,58
883,2122d807-13ab-494e-a1cc-e55cf24d3e9f,MOp,55,30
884,1df6ebb3-9d16-4c0f-96cc-e1b1596d2006,PIR,34,19
885,1df6ebb3-9d16-4c0f-96cc-e1b1596d2006,AUDv,23,7
886,1df6ebb3-9d16-4c0f-96cc-e1b1596d2006,AUDp,43,5
890,2c401cbd-b95c-4ebe-8a83-92b55ab49542,AId,25,10
891,2c401cbd-b95c-4ebe-8a83-92b55ab49542,MOs,15,39
892,8abf098f-d4f6-4957-9c0a-f53685db74cc,MRN,14,74
893,8abf098f-d4f6-4957-9c0a-f53685db74cc,APN,28,40
894,8abf098f-d4f6-4957-9c0a-f53685db74cc,DG,15,95
896,8abf098f-d4f6-4957-9c0a-f53685db74cc,VISa,56,41
897,8b735d77-b77b-4243-8821-37802bf402fe,ENTl,209,12
898,8b735d77-b77b-4243-8821-37802bf402fe,VISpor,117,6
900,0a0184b3-9e1a-4c36-98f4-00ae3beb8f01,ENTl,34,12
901,0a0184b3-9e1a-4c36-98f4-00ae3beb8f01,SUB,85,22
903,0a0184b3-9e1a-4c36-98f4-00ae3beb8f01,VISli,13,7
904,0a0184b3-9e1a-4c36-98f4-00ae3beb8f01,VISl,18,9
905,625a7bc9-00cf-44f6-a508-3ed89d23ba3a,ENTm,53,12
906,625a7bc9-00cf-44f6-a508-3ed89d23ba3a,SUB,140,22
907,625a7bc9-00cf-44f6-a508-3ed89d23ba3a,VISpor,24,6
908,625a7bc9-00cf-44f6-a508-3ed89d23ba3a,VISli,45,7
909,bbe6ebc1-d32f-42dd-a89c-211226737deb,PoT,24,19
912,bbe6ebc1-d32f-42dd-a89c-211226737deb,DG,11,95
914,bbe6ebc1-d32f-42dd-a89c-211226737deb,VISa,21,41
921,507b20cf-4ab0-4f55-9a81-88b02839d127,PIR,55,19
923,507b20cf-4ab0-4f55-9a81-88b02839d127,CP,81,58
924,507b20cf-4ab0-4f55-9a81-88b02839d127,SSp-m,22,11
928,f2a098e7-a67e-4125-92d8-36fc6b606c45,CA1,11,118
929,f2a098e7-a67e-4125-92d8-36fc6b606c45,VISa,24,41
931,4279e354-a6b8-4eff-8245-7c8723b07834,CP,92,58
932,4279e354-a6b8-4eff-8245-7c8723b07834,SSp-m,21,11
934,3282a590-8688-44fc-9811-cdf8b80d9a80,TEa,27,6
935,3282a590-8688-44fc-9811-cdf8b80d9a80,AUDv,21,7
936,3282a590-8688-44fc-9811-cdf8b80d9a80,AUDp,58,5
938,3282a590-8688-44fc-9811-cdf8b80d9a80,SSs,15,7
941,ff5fceaf-8247-42ab-a187-f7876441899d,AON,24,14
942,ff5fceaf-8247-42ab-a187-f7876441899d,ORBl,43,9
943,ff5fceaf-8247-42ab-a187-f7876441899d,FRP,12,10
945,100433fa-2c59-4432-8295-aa27657fe3fb,ECT,17,5
946,100433fa-2c59-4432-8295-aa27657fe3fb,TEa,38,6
948,100433fa-2c59-4432-8295-aa27657fe3fb,AUDp,28,5
949,100433fa-2c59-4432-8295-aa27657fe3fb,AUDpo,10,2
950,100433fa-2c59-4432-8295-aa27657fe3fb,AUDd,11,5
952,d591a59c-b49b-46ba-a914-df379ada9813,AON,13,14
954,d591a59c-b49b-46ba-a914-df379ada9813,ORBl,11,9
956,6b6af675-e1ef-43a6-b408-95cfc71fe2cc,PO,37,42
957,6b6af675-e1ef-43a6-b408-95cfc71fe2cc,LD,36,16
959,6b6af675-e1ef-43a6-b408-95cfc71fe2cc,CA1,18,118
960,6b6af675-e1ef-43a6-b408-95cfc71fe2cc,SSp-tr,67,12
961,b2ea68e2-c732-4d17-8166-1a8595fff225,ECT,20,5
962,b2ea68e2-c732-4d17-8166-1a8595fff225,TEa,27,6
963,b2ea68e2-c732-4d17-8166-1a8595fff225,AUDv,28,7
964,b2ea68e2-c732-4d17-8166-1a8595fff225,AUDp,31,5
965,b2ea68e2-c732-4d17-8166-1a8595fff225,AUDd,15,5
966,b2ea68e2-c732-4d17-8166-1a8595fff225,SSs,27,7
967,b2ea68e2-c732-4d17-8166-1a8595fff225,SSp-bfd,14,22
968,49a86b2e-3db4-42f2-8da8-7ebb7e482c70,PIR,10,19
970,49a86b2e-3db4-42f2-8da8-7ebb7e482c70,AId,44,10
971,49a86b2e-3db4-42f2-8da8-7ebb7e482c70,GU,53,3
972,49a86b2e-3db4-42f2-8da8-7ebb7e482c70,SSp-m,52,11
977,1c4e2ebd-59da-4527-9700-b4b2dad6dfb2,SIM,30,16
979,3c283107-7012-48fc-a6c2-ed096b23974f,RN,27,11
980,3c283107-7012-48fc-a6c2-ed096b23974f,MRN,16,74
982,3c283107-7012-48fc-a6c2-ed096b23974f,SCm,26,38
990,d4291925-ad00-47fe-baaf-3fdff0991e86,SCm,12,38
992,d4291925-ad00-47fe-baaf-3fdff0991e86,RSPv,22,20
993,d4291925-ad00-47fe-baaf-3fdff0991e86,RSPd,16,21
995,ad714133-1e03-4d3a-8427-33fc483daf1a,PO,70,42
996,ad714133-1e03-4d3a-8427-33fc483daf1a,LP,21,59
997,ad714133-1e03-4d3a-8427-33fc483daf1a,DG,20,95
998,ad714133-1e03-4d3a-8427-33fc483daf1a,CA1,11,118
999,ad714133-1e03-4d3a-8427-33fc483daf1a,VISa,62,41
1002,d7ec0892-0a6c-4f4f-9d8f-72083692af5c,CUL4 5,19,25
1006,be9a2119-a4d7-4e62-82a1-b1a6623ecc99,ProS,17,15
1007,be9a2119-a4d7-4e62-82a1-b1a6623ecc99,DG,19,95
1008,be9a2119-a4d7-4e62-82a1-b1a6623ecc99,CA1,34,118
1011,f336f6a4-f693-4b88-b12c-c5cf0785b061,CA3,10,59
1013,44fc463b-405f-4048-9242-ac018b9f50f7,VPM,10,33
1014,44fc463b-405f-4048-9242-ac018b9f50f7,PO,55,42
1015,44fc463b-405f-4048-9242-ac018b9f50f7,LP,16,59
1018,44fc463b-405f-4048-9242-ac018b9f50f7,CA1,11,118
1019,44fc463b-405f-4048-9242-ac018b9f50f7,SSp-tr,32,12
1020,818d2996-766a-4fd9-82b8-7e4cb080af0e,RT,10,16
1021,818d2996-766a-4fd9-82b8-7e4cb080af0e,VPL,21,17
1022,818d2996-766a-4fd9-82b8-7e4cb080af0e,CP,19,58
1023,818d2996-766a-4fd9-82b8-7e4cb080af0e,SSp-bfd,16,22
1027,febb430e-2d50-4f83-87a0-b5ffbb9a4943,PoT,17,19
1028,febb430e-2d50-4f83-87a0-b5ffbb9a4943,SGN,21,7
1029,febb430e-2d50-4f83-87a0-b5ffbb9a4943,LP,21,59
1030,febb430e-2d50-4f83-87a0-b5ffbb9a4943,DG,13,95
1031,febb430e-2d50-4f83-87a0-b5ffbb9a4943,CA1,14,118
1032,febb430e-2d50-4f83-87a0-b5ffbb9a4943,VISp,13,26
1034,1a166c4f-4c53-422e-8473-b3cff85e6750,NPC,12,6
1037,1a166c4f-4c53-422e-8473-b3cff85e6750,NOT,10,10
1038,1a166c4f-4c53-422e-8473-b3cff85e6750,SUB,12,22
1039,1a166c4f-4c53-422e-8473-b3cff85e6750,RSPd,16,21
1040,1a166c4f-4c53-422e-8473-b3cff85e6750,RSPagl,14,16
1042,c16b8e98-100f-40ce-b417-b1524c7e1270,ProS,31,15
1043,c16b8e98-100f-40ce-b417-b1524c7e1270,VISl,34,9
1046,b76f24ea-95b1-4a0e-95eb-9c39b1283c40,NB,12,3
1048,b76f24ea-95b1-4a0e-95eb-9c39b1283c40,SUB,25,22
1051,07abb39b-063b-4ef8-b3ab-963c6a1b5cc5,MRN,37,74
1052,07abb39b-063b-4ef8-b3ab-963c6a1b5cc5,RN,13,11
1053,07abb39b-063b-4ef8-b3ab-963c6a1b5cc5,SCm,37,38
1054,07abb39b-063b-4ef8-b3ab-963c6a1b5cc5,SCs,30,19
1056,b9b101cf-24d3-4c2a-8464-bc91b9f0c767,ENTm,14,12
1058,b9b101cf-24d3-4c2a-8464-bc91b9f0c767,VISp,30,26
1062,c6ba6f8e-c13e-410f-b7df-e193ba0d239d,IC,17,16
1063,c6ba6f8e-c13e-410f-b7df-e193ba0d239d,APr,18,3
1064,c6ba6f8e-c13e-410f-b7df-e193ba0d239d,RSPd,13,21
1065,c6ba6f8e-c13e-410f-b7df-e193ba0d239d,RSPagl,18,16
1068,9373cd09-a591-42be-9343-ed6f06b7056d,DCO,10,10
1070,9373cd09-a591-42be-9343-ed6f06b7056d,SIM,18,16
1076,63679ae2-6c87-495b-b888-a7273e545636,CUL4 5,30,25
1078,c2363000-27a6-461e-940b-15f681496ed8,VPM,55,33
1080,c2363000-27a6-461e-940b-15f681496ed8,LD,18,16
1088,b40d8c65-7ee8-4069-8b64-1a3f7907742f,MRN,26,74
1089,b40d8c65-7ee8-4069-8b64-1a3f7907742f,SCm,37,38
1090,b40d8c65-7ee8-4069-8b64-1a3f7907742f,SUB,13,22
1091,b40d8c65-7ee8-4069-8b64-1a3f7907742f,VISp,37,26
1092,ccb501d1-a4fa-41c6-819e-54aaf74d439d,MD,42,13
1097,ccb501d1-a4fa-41c6-819e-54aaf74d439d,RSPagl,28,16
1099,eb99c2c8-e614-4240-931b-169bed23e9f5,LGd,21,20
1103,eb99c2c8-e614-4240-931b-169bed23e9f5,VISrl,41,5
1104,2aea57ac-d3d0-4a09-b6fa-0aa9d58d1e11,PO,39,42
1105,2aea57ac-d3d0-4a09-b6fa-0aa9d58d1e11,LP,11,59
1109,2aea57ac-d3d0-4a09-b6fa-0aa9d58d1e11,VISa,37,41
1110,26118c10-35dd-4ab1-9f0f-b9a89a1da070,BST,11,10
1111,26118c10-35dd-4ab1-9f0f-b9a89a1da070,CP,73,58
1112,26118c10-35dd-4ab1-9f0f-b9a89a1da070,MOp,43,30
1115,898f8971-31e9-4fdb-b66e-2ae6d3a33a5b,LSr,10,24
1116,898f8971-31e9-4fdb-b66e-2ae6d3a33a5b,LSc,10,8
1117,898f8971-31e9-4fdb-b66e-2ae6d3a33a5b,MOs,16,39
1118,898f8971-31e9-4fdb-b66e-2ae6d3a33a5b,MOp,25,30
1120,b7612153-372f-415a-9770-7101fbbbdc59,AV,29,6
1122,b7612153-372f-415a-9770-7101fbbbdc59,SSp-ll,39,7
1125,0e8d3cb3-2e4c-47a0-8bb4-65d2cc3161c6,PVT,10,8
1127,0e8d3cb3-2e4c-47a0-8bb4-65d2cc3161c6,MOp,29,30
1131,9f78a787-c6d5-4e51-b4fb-1552e81eccd5,VM,15,6
1132,9f78a787-c6d5-4e51-b4fb-1552e81eccd5,VAL,63,7
1133,9f78a787-c6d5-4e51-b4fb-1552e81eccd5,LD,25,16
1134,9f78a787-c6d5-4e51-b4fb-1552e81eccd5,SSp-ul,15,12
1135,5c278ffe-6452-4c36-b17f-2050c74e13b1,MEA,12,9
1140,c4f6665f-8be5-476b-a6e8-d81eeae9279d,MRN,13,74
1143,c4f6665f-8be5-476b-a6e8-d81eeae9279d,CA1,10,118
1145,c4f6665f-8be5-476b-a6e8-d81eeae9279d,VISpm,12,11
1146,57acb640-4f64-4a89-bedf-69351a3aea75,AON,58,14
1148,57acb640-4f64-4a89-bedf-69351a3aea75,ORBm,27,8
1150,bebe7c8f-0f34-4c3a-8fbb-d2a5119d2961,PO,14,42
1151,bebe7c8f-0f34-4c3a-8fbb-d2a5119d2961,LD,39,16
1152,bebe7c8f-0f34-4c3a-8fbb-d2a5119d2961,SSp-ul,13,12
1153,4755877d-fd14-42b3-bc15-e1996d153015,SI,13,23
1155,4755877d-fd14-42b3-bc15-e1996d153015,LSr,42,24
1156,4755877d-fd14-42b3-bc15-e1996d153015,LSv,16,12
1159,695476f6-4c14-4a2f-b658-948514629079,VPL,40,17
1161,695476f6-4c14-4a2f-b658-948514629079,SSp-bfd,36,22
1164,4f46198d-c54d-4627-9e4e-3c8fd4c3c070,ACB,13,19
1166,af775340-53d0-43cd-9cda-48e32b95adca,SSp-ul,12,12
1167,b910cbe2-0c68-40b2-b9f1-268e7c28320a,MPO,19,3
1169,b910cbe2-0c68-40b2-b9f1-268e7c28320a,LSv,26,12
1170,b910cbe2-0c68-40b2-b9f1-268e7c28320a,LSr,24,24
1171,ecde7e20-f135-47dd-8f96-adac49e4942e,CP,48,58
1172,ecde7e20-f135-47dd-8f96-adac49e4942e,SSp-ul,34,12
1173,091392a5-73f6-40f3-8552-fa917cf96deb,SMT,16,4
1174,091392a5-73f6-40f3-8552-fa917cf96deb,PCN,15,5
1175,091392a5-73f6-40f3-8552-fa917cf96deb,MD,37,13
1177,091392a5-73f6-40f3-8552-fa917cf96deb,RSPv,15,20
1179,d258bca2-bf18-4491-8d57-5322f705caec,CP,93,58
1180,d258bca2-bf18-4491-8d57-5322f705caec,MOp,79,30
1183,1ef94d02-d51a-491f-a313-1bb5238d6b8b,ACB,33,19
1184,1ef94d02-d51a-491f-a313-1bb5238d6b8b,CP,140,58
1186,b375a0ee-4c5a-4a53-9cea-d753f206e5c5,MOp,52,30
1188,954b1983-e603-4611-ba15-dc2db6f988ab,CL,12,5
1189,954b1983-e603-4611-ba15-dc2db6f988ab,LP,19,59
1192,954b1983-e603-4611-ba15-dc2db6f988ab,SSp-tr,10,12
1195,d1af1003-247b-4f76-988f-d55cbb72aa80,SI,17,23
1196,d1af1003-247b-4f76-988f-d55cbb72aa80,ACB,21,19
1197,d1af1003-247b-4f76-988f-d55cbb72aa80,CP,106,58
1199,03c42ea1-1e04-4a3e-9b04-46d8568dcd02,DCO,20,10
1200,03c42ea1-1e04-4a3e-9b04-46d8568dcd02,DN,21,6
1203,95fd67e6-cbff-4356-80c7-5a03b1bf6b8a,VPM,54,33
1204,95fd67e6-cbff-4356-80c7-5a03b1bf6b8a,LGd,14,20
1208,95fd67e6-cbff-4356-80c7-5a03b1bf6b8a,VISa,14,41
1210,ce99545f-c6a5-4d53-8b68-0ceb78bd942e,SPVI,33,10
1211,ce99545f-c6a5-4d53-8b68-0ceb78bd942e,DCO,26,10
1213,ce99545f-c6a5-4d53-8b68-0ceb78bd942e,IP,23,20
1215,dab512bd-a02d-4c1f-8dbc-9155a163efc0,VPLpc,10,10
1216,dab512bd-a02d-4c1f-8dbc-9155a163efc0,PO,32,42
1217,dab512bd-a02d-4c1f-8dbc-9155a163efc0,Eth,16,16
1218,dab512bd-a02d-4c1f-8dbc-9155a163efc0,LP,24,59
1219,dab512bd-a02d-4c1f-8dbc-9155a163efc0,DG,10,95
1220,dab512bd-a02d-4c1f-8dbc-9155a163efc0,CA1,17,118
1222,cab81176-36cd-4c37-9353-841e85027d36,PSV,28,4
1224,cab81176-36cd-4c37-9353-841e85027d36,PAR,24,6
1232,19c9caea-2df8-4097-92f8-0a2bad055948,PIR,48,19
1233,19c9caea-2df8-4097-92f8-0a2bad055948,EPv,14,6
1234,19c9caea-2df8-4097-92f8-0a2bad055948,CP,120,58
1235,c2184312-2421-492b-bbee-e8c8e982e49e,CS,10,7
1236,c2184312-2421-492b-bbee-e8c8e982e49e,MRN,12,74
1238,c2184312-2421-492b-bbee-e8c8e982e49e,PAG,30,36
1239,c2184312-2421-492b-bbee-e8c8e982e49e,SCm,10,38
1241,11f70c37-a546-439a-9fb7-da6b6ebfb0cb,PRM,27,15
1245,bdb2ec51-d948-4428-b2cc-2c6cd5bf5fe3,LING,13,3
1246,bdb2ec51-d948-4428-b2cc-2c6cd5bf5fe3,CENT2,36,10
1249,f26a6ab1-7e37-4f8d-bb50-295c056e1062,VPM,35,33
1250,f26a6ab1-7e37-4f8d-bb50-295c056e1062,LP,10,59
1255,f26a6ab1-7e37-4f8d-bb50-295c056e1062,VISa,21,41
1257,a6fe3779-2b77-4b66-a625-a6078720e412,ZI,14,34
1258,a6fe3779-2b77-4b66-a625-a6078720e412,MG,52,12
1260,a6fe3779-2b77-4b66-a625-a6078720e412,DG,12,95
1261,a6fe3779-2b77-4b66-a625-a6078720e412,CA1,14,118
1263,fb0de39b-c750-4adc-af18-12bf8a22ed41,POST,21,12
1267,19e0bf1e-018e-40cb-9acd-af8f0f66bd4a,CA3,42,59
1270,63517fd4-ece1-49eb-9259-371dc30b1dd6,VPM,64,33
1271,63517fd4-ece1-49eb-9259-371dc30b1dd6,LGd,13,20
1272,63517fd4-ece1-49eb-9259-371dc30b1dd6,CA3,11,59
1273,63517fd4-ece1-49eb-9259-371dc30b1dd6,CA1,17,118
1274,63517fd4-ece1-49eb-9259-371dc30b1dd6,VISa,35,41
1275,ca5404f7-297c-40f1-bbf0-5ac0a63e24f8,MRN,31,74
1276,ca5404f7-297c-40f1-bbf0-5ac0a63e24f8,RN,16,11
1277,ca5404f7-297c-40f1-bbf0-5ac0a63e24f8,SCm,47,38
1279,ca5404f7-297c-40f1-bbf0-5ac0a63e24f8,RSPv,18,20
1280,1ff5ce1f-5500-444b-ad5f-70f90dd22ac3,CA3,21,59
1282,6d24683c-da42-4610-baf0-7ceee7014394,VPM,22,33
1283,6d24683c-da42-4610-baf0-7ceee7014394,PO,76,42
1284,6d24683c-da42-4610-baf0-7ceee7014394,LD,26,16
1287,6d24683c-da42-4610-baf0-7ceee7014394,CA1,14,118
1288,6d24683c-da42-4610-baf0-7ceee7014394,SSp-tr,14,12
1291,6aa08c75-8ee5-457d-9794-b89ee1c4453f,APN,24,40
1294,c250d4f4-7516-4cf1-a8bd-04873ca9e21c,PRNr,21,12
1295,c250d4f4-7516-4cf1-a8bd-04873ca9e21c,MRN,30,74
1297,c250d4f4-7516-4cf1-a8bd-04873ca9e21c,PAG,27,36
1300,a3ebc7f4-813a-4f06-a33e-9825c878f9c2,PRNr,45,12
1302,a3ebc7f4-813a-4f06-a33e-9825c878f9c2,MRN,24,74
1303,a4d9d9d5-6ea3-4234-aa28-e064e83626fa,MRN,15,74
1304,a4d9d9d5-6ea3-4234-aa28-e064e83626fa,POL,30,13
1308,25a9182c-4795-4768-af47-98975d2d2a8a,IRN,17,22
1310,25a9182c-4795-4768-af47-98975d2d2a8a,PCG,16,4
1313,ba291bec-4492-4d7f-a6aa-483ebb64b3c3,PAG,17,36
1314,ba291bec-4492-4d7f-a6aa-483ebb64b3c3,SCm,24,38
1315,ba291bec-4492-4d7f-a6aa-483ebb64b3c3,SCs,18,19
1320,2400a2fa-0335-480b-ac8d-a478171f3a55,PPN,34,8
1321,2400a2fa-0335-480b-ac8d-a478171f3a55,MRN,33,74
1322,2400a2fa-0335-480b-ac8d-a478171f3a55,POST,10,12
1325,cde137a5-7a93-4968-ab61-5aedbd9ce3fb,IRN,30,22
1326,cde137a5-7a93-4968-ab61-5aedbd9ce3fb,PRNc,30,7
1331,41dc1107-fbcb-4174-a262-19928c355018,RT,10,16
1332,41dc1107-fbcb-4174-a262-19928c355018,VAL,32,7
1333,41dc1107-fbcb-4174-a262-19928c355018,LD,13,16
1335,b939cc85-6028-404a-995d-28c8405a07db,MRN,28,74
1336,b939cc85-6028-404a-995d-28c8405a07db,CUN,13,7
1337,b939cc85-6028-404a-995d-28c8405a07db,SCm,30,38
1340,779fbed1-4b0e-4d7d-8882-6650690221a0,MEA,68,9
1342,779fbed1-4b0e-4d7d-8882-6650690221a0,GPi,16,3
1343,779fbed1-4b0e-4d7d-8882-6650690221a0,RT,29,16
1345,bfda40f8-a7a7-47cd-a439-39fb5cd7873f,PARN,11,15
1346,bfda40f8-a7a7-47cd-a439-39fb5cd7873f,MV,17,19
1351,4f10fbb7-57be-427b-bb1d-a19bd31dc27b,LGv,19,4
1354,4f10fbb7-57be-427b-bb1d-a19bd31dc27b,SSp-bfd,13,22
1356,b73ef9cf-462c-4de3-ae61-5907790ebd0e,HATA,13,6
1359,b73ef9cf-462c-4de3-ae61-5907790ebd0e,DG,23,95
1361,b73ef9cf-462c-4de3-ae61-5907790ebd0e,MG,16,12
1362,df7d2ca7-068b-4df2-9782-8f6bb7d67f18,LGv,28,4
1363,df7d2ca7-068b-4df2-9782-8f6bb7d67f18,CA3,10,59
1365,df7d2ca7-068b-4df2-9782-8f6bb7d67f18,CA1,15,118
1367,2a7caaa4-1710-49a1-ade4-db0a986ae6f5,LSr,54,24
1369,2a7caaa4-1710-49a1-ade4-db0a986ae6f5,MOs,31,39
1372,bef552f5-efd8-4e98-8467-d54ac7c4ef41,PIR,14,19
1373,bef552f5-efd8-4e98-8467-d54ac7c4ef41,CP,82,58
1375,c17772a9-21b5-49df-ab31-3017addea12e,PO,55,42
1376,c17772a9-21b5-49df-ab31-3017addea12e,PoT,10,19
1377,c17772a9-21b5-49df-ab31-3017addea12e,LP,68,59
1380,3530526e-e690-4222-878f-0f9f401fa759,COAp,16,12
1381,3530526e-e690-4222-878f-0f9f401fa759,BMA,23,9
1382,3530526e-e690-4222-878f-0f9f401fa759,BLA,19,5
1383,3530526e-e690-4222-878f-0f9f401fa759,CA3,86,59
1384,b1455ca8-3999-4eb8-9e1e-5c8d0d2e5719,ENTl,11,12
1390,48c02db0-107e-4413-ae6a-60793ec7cc14,AON,140,14
1391,48c02db0-107e-4413-ae6a-60793ec7cc14,ORBl,131,9
1392,48c02db0-107e-4413-ae6a-60793ec7cc14,AId,25,10
1393,48c02db0-107e-4413-ae6a-60793ec7cc14,MOs,67,39
1394,55423355-281c-41f2-8ef7-5aa098ffbbed,LA,37,3
1397,55423355-281c-41f2-8ef7-5aa098ffbbed,SSs,127,7
1398,55423355-281c-41f2-8ef7-5aa098ffbbed,SSp-bfd,63,22
1399,316a733a-5358-4d1d-9f7f-179ba3c90adf,ZI,46,34
1400,316a733a-5358-4d1d-9f7f-179ba3c90adf,VPL,16,17
1402,316a733a-5358-4d1d-9f7f-179ba3c90adf,LGd,18,20
1403,316a733a-5358-4d1d-9f7f-179ba3c90adf,CA3,11,59
1405,316a733a-5358-4d1d-9f7f-179ba3c90adf,CA1,13,118
1406,316a733a-5358-4d1d-9f7f-179ba3c90adf,SSp-bfd,44,22
1407,3fd2d2b3-9415-4b6e-b392-40427fb1c388,ACB,50,19
1408,3fd2d2b3-9415-4b6e-b392-40427fb1c388,CP,173,58
1409,3fd2d2b3-9415-4b6e-b392-40427fb1c388,MOp,37,30
1411,1e104bf4-7a24-4624-a5b2-c2c8289c0de7,COAp,29,12
1413,1e104bf4-7a24-4624-a5b2-c2c8289c0de7,BMA,33,9
1414,1e104bf4-7a24-4624-a5b2-c2c8289c0de7,CA1,17,118
1416,1e104bf4-7a24-4624-a5b2-c2c8289c0de7,CA3,105,59
1417,6638cfb3-3831-4fc2-9327-194b76cf22e1,MOB,46,3
1418,6638cfb3-3831-4fc2-9327-194b76cf22e1,FRP,44,10
1423,da8dfec1-d265-44e8-84ce-6ae9c109b8bd,BST,16,10
1424,da8dfec1-d265-44e8-84ce-6ae9c109b8bd,LSv,35,12
1425,da8dfec1-d265-44e8-84ce-6ae9c109b8bd,LSr,140,24
1427,6fc4d73c-2071-43ec-a756-c6c6d8322c8b,PO,26,42
1429,6fc4d73c-2071-43ec-a756-c6c6d8322c8b,LP,24,59
1436,eb04cc7c-7c10-4e7f-8593-9c3b9b6986f5,TRS,21,4
1440,b33e4298-a735-4781-8dea-d7203b4137fb,PVT,17,8
1441,b33e4298-a735-4781-8dea-d7203b4137fb,SF,15,6
1442,b33e4298-a735-4781-8dea-d7203b4137fb,LSc,11,8
1443,d151b391-e6e4-4daf-bd9c-191f4ad837b4,MD,20,13
1449,0f306cdc-878a-4ea0-9e91-b97736731637,PAG,10,36
1453,8386f396-0a69-48b5-98d4-18801066ea76,SI,12,23
1454,8386f396-0a69-48b5-98d4-18801066ea76,BST,14,10
1456,8386f396-0a69-48b5-98d4-18801066ea76,LSr,81,24
1457,31d8dfb1-71fd-4c53-9229-7cd48bee07e4,PIR,39,19
1458,31d8dfb1-71fd-4c53-9229-7cd48bee07e4,ORBl,23,9
1460,31d8dfb1-71fd-4c53-9229-7cd48bee07e4,MOs,10,39
1463,68f5f1e4-5e88-4aa5-8a1a-94b691adb11e,ACB,15,19
1464,68f5f1e4-5e88-4aa5-8a1a-94b691adb11e,CP,91,58
1467,02328ef5-47d4-4690-b020-04b6315aa2d6,ACB,18,19
1468,02328ef5-47d4-4690-b020-04b6315aa2d6,CP,111,58
1469,06c6741e-9f2a-4114-8ca9-0dc5ccc951e6,AON,33,14
1470,06c6741e-9f2a-4114-8ca9-0dc5ccc951e6,ORBl,36,9
1471,06c6741e-9f2a-4114-8ca9-0dc5ccc951e6,FRP,10,10
1472,06c6741e-9f2a-4114-8ca9-0dc5ccc951e6,MOs,14,39
1476,8ee585ba-d055-4bb5-bc5f-2266a3d62bf4,VPM,12,33
1477,8ee585ba-d055-4bb5-bc5f-2266a3d62bf4,PO,21,42
1485,63a32e5c-f63a-450d-85cb-140947b67eaf,APN,36,40
1487,63a32e5c-f63a-450d-85cb-140947b67eaf,CA1,14,118
1488,63a32e5c-f63a-450d-85cb-140947b67eaf,VISpm,13,11
1490,dce4e63f-7ece-4dae-bd6e-5b116c2fbe37,PARN,12,15
1491,dce4e63f-7ece-4dae-bd6e-5b116c2fbe37,MV,10,19
1494,dce4e63f-7ece-4dae-bd6e-5b116c2fbe37,SUV,11,8
1495,dce4e63f-7ece-4dae-bd6e-5b116c2fbe37,IP,10,20
1496,dce4e63f-7ece-4dae-bd6e-5b116c2fbe37,SIM,32,16
1498,6eb8be8d-d089-43c6-b2e4-a6558ca16dcf,PVT,18,8
1501,6eb8be8d-d089-43c6-b2e4-a6558ca16dcf,MOs,19,39
1502,6eb8be8d-d089-43c6-b2e4-a6558ca16dcf,MOp,65,30
1503,784c5282-2749-48ca-b211-100d0b24e29b,PSV,13,4
1504,784c5282-2749-48ca-b211-100d0b24e29b,PARN,19,15
1505,784c5282-2749-48ca-b211-100d0b24e29b,PB,14,19
1506,784c5282-2749-48ca-b211-100d0b24e29b,CENT3,14,19
1507,b78b3c42-eee5-47c6-9717-743b78c0b721,MG,14,12
1509,b78b3c42-eee5-47c6-9717-743b78c0b721,ProS,38,15
1510,b78b3c42-eee5-47c6-9717-743b78c0b721,CA1,13,118
1511,b78b3c42-eee5-47c6-9717-743b78c0b721,VISp,68,26
1512,61ed1a53-2f33-4a83-82ba-ec7dfa65bf60,ENTl,23,12
1513,61ed1a53-2f33-4a83-82ba-ec7dfa65bf60,CA1,91,118
1514,61ed1a53-2f33-4a83-82ba-ec7dfa65bf60,VISli,13,7
1515,61ed1a53-2f33-4a83-82ba-ec7dfa65bf60,VISl,22,9
1516,bbf6a51e-2999-4982-803f-8769db095dd2,NI,28,2
1518,bbf6a51e-2999-4982-803f-8769db095dd2,DTN,20,2
1519,bbf6a51e-2999-4982-803f-8769db095dd2,CENT2,15,10
1522,e31b4e39-e350-47a9-aca4-72496d99ff2a,ZI,18,34
1523,e31b4e39-e350-47a9-aca4-72496d99ff2a,VPLpc,27,10
1525,e31b4e39-e350-47a9-aca4-72496d99ff2a,PO,78,42
1526,e31b4e39-e350-47a9-aca4-72496d99ff2a,LP,58,59
1527,e31b4e39-e350-47a9-aca4-72496d99ff2a,DG,10,95
1530,2d544e7f-c8af-46b5-aaa0-caf0ad4d63a1,IP,12,20
1531,2d544e7f-c8af-46b5-aaa0-caf0ad4d63a1,SIM,29,16
1533,64f4afa4-ec5f-4ad6-ab28-415a9a8098ed,EPv,13,6
1534,64f4afa4-ec5f-4ad6-ab28-415a9a8098ed,CA1,20,118
1537,64aadf54-d662-4934-8c08-cad14ee5b69f,SPIV,13,10
1538,64aadf54-d662-4934-8c08-cad14ee5b69f,NOD,17,9
1540,64aadf54-d662-4934-8c08-cad14ee5b69f,CUL4 5,26,25
1541,7be00744-2e27-4062-8f56-3969e24e9990,VPM,40,33
1543,7be00744-2e27-4062-8f56-3969e24e9990,LP,19,59
1545,7be00744-2e27-4062-8f56-3969e24e9990,LGd,14,20
1546,7be00744-2e27-4062-8f56-3969e24e9990,CA3,14,59
1547,7be00744-2e27-4062-8f56-3969e24e9990,CA1,13,118
1548,7be00744-2e27-4062-8f56-3969e24e9990,SSp-bfd,55,22
1549,7be00744-2e27-4062-8f56-3969e24e9990,SSp-tr,33,12
1551,834fca72-0b69-44e4-b77e-95a61290b50d,ZI,11,34
1553,834fca72-0b69-44e4-b77e-95a61290b50d,PO,35,42
1554,834fca72-0b69-44e4-b77e-95a61290b50d,Eth,14,16
1555,834fca72-0b69-44e4-b77e-95a61290b50d,LP,26,59
1558,05ccc92c-fcb0-4e92-84d3-de033890c7a8,BLA,14,5
1559,05ccc92c-fcb0-4e92-84d3-de033890c7a8,LA,13,3
1560,05ccc92c-fcb0-4e92-84d3-de033890c7a8,CP,17,58
1562,8ac7e5d5-57a4-41c8-a35d-8195784bfe95,DMH,13,2
1563,8ac7e5d5-57a4-41c8-a35d-8195784bfe95,SMT,26,4
1566,8ac7e5d5-57a4-41c8-a35d-8195784bfe95,MD,43,13
1572,be76cfe3-b2bb-4358-956b-0fad07215972,AM,19,6
1573,be76cfe3-b2bb-4358-956b-0fad07215972,IAD,15,2
1574,be76cfe3-b2bb-4358-956b-0fad07215972,MD,39,13
1575,be76cfe3-b2bb-4358-956b-0fad07215972,MH,11,2
1578,36362f75-96d8-4ed4-a728-5e72284d0995,PO,40,42
1579,36362f75-96d8-4ed4-a728-5e72284d0995,Eth,44,16
1580,36362f75-96d8-4ed4-a728-5e72284d0995,LP,34,59
1581,36362f75-96d8-4ed4-a728-5e72284d0995,DG,11,95
1584,fddceb2e-82ba-493d-baba-c5d8af65981f,BST,26,10
1585,fddceb2e-82ba-493d-baba-c5d8af65981f,LSv,19,12
1586,fddceb2e-82ba-493d-baba-c5d8af65981f,CP,52,58
1587,fddceb2e-82ba-493d-baba-c5d8af65981f,MOp,154,30
1590,c2ebf259-9777-4a8f-b1de-5302776961d2,SI,13,23
1591,c2ebf259-9777-4a8f-b1de-5302776961d2,FS,10,5
1592,c2ebf259-9777-4a8f-b1de-5302776961d2,CP,117,58
1593,688606f8-9733-46f2-8331-b2dd84c5d385,SI,10,23
1594,688606f8-9733-46f2-8331-b2dd84c5d385,ACB,80,19
1595,688606f8-9733-46f2-8331-b2dd84c5d385,LSr,16,24
1598,688606f8-9733-46f2-8331-b2dd84c5d385,ILA,88,9
1599,688606f8-9733-46f2-8331-b2dd84c5d385,PL,22,15
1603,eab03c6e-bf98-48d2-8a0c-1887f34dd554,MD,16,13
1604,eab03c6e-bf98-48d2-8a0c-1887f34dd554,PVT,28,8
1607,eab03c6e-bf98-48d2-8a0c-1887f34dd554,ACAv,14,13
1608,eab03c6e-bf98-48d2-8a0c-1887f34dd554,ACAd,10,15
1609,eab03c6e-bf98-48d2-8a0c-1887f34dd554,MOs,45,39
1611,be95fb3b-d607-409a-968e-98a3e9bcb577,OT,23,13
1612,be95fb3b-d607-409a-968e-98a3e9bcb577,AON,70,14
1613,be95fb3b-d607-409a-968e-98a3e9bcb577,DP,18,13
1615,be95fb3b-d607-409a-968e-98a3e9bcb577,ORBm,57,8
1617,af2a0072-e17e-4368-b80b-1359bf6d4647,SF,10,6
1618,af2a0072-e17e-4368-b80b-1359bf6d4647,LSr,18,24
1619,af2a0072-e17e-4368-b80b-1359bf6d4647,LSc,29,8
1621,af2a0072-e17e-4368-b80b-1359bf6d4647,ACAd,18,15
1622,af2a0072-e17e-4368-b80b-1359bf6d4647,MOs,29,39
1623,af2a0072-e17e-4368-b80b-1359bf6d4647,MOp,34,30
1624,b8dbd3af-a589-41e4-878c-3372eaa1a8f6,SI,31,23
1625,b8dbd3af-a589-41e4-878c-3372eaa1a8f6,GPe,26,8
1626,b8dbd3af-a589-41e4-878c-3372eaa1a8f6,CP,18,58
1627,0b8ea3ec-e75b-41a1-9442-64f5fbc11a5a,ZI,14,34
1628,0b8ea3ec-e75b-41a1-9442-64f5fbc11a5a,VPM,30,33
1629,0b8ea3ec-e75b-41a1-9442-64f5fbc11a5a,PO,55,42
1630,0b8ea3ec-e75b-41a1-9442-64f5fbc11a5a,LP,44,59
1631,0b8ea3ec-e75b-41a1-9442-64f5fbc11a5a,DG,12,95
1633,0b8ea3ec-e75b-41a1-9442-64f5fbc11a5a,VISa,17,41
1634,a5f2ec22-0ff3-4249-bd2f-6247c3990e53,OT,17,13
1635,a5f2ec22-0ff3-4249-bd2f-6247c3990e53,MA,16,5
1636,a5f2ec22-0ff3-4249-bd2f-6247c3990e53,SI,17,23
1637,a5f2ec22-0ff3-4249-bd2f-6247c3990e53,BST,40,10
1638,a5f2ec22-0ff3-4249-bd2f-6247c3990e53,LSv,11,12
1639,a5f2ec22-0ff3-4249-bd2f-6247c3990e53,LSr,33,24
1642,5a4740a3-8e93-495d-b6cf-83dccba01d7a,CENT3,20,19
1643,5a4740a3-8e93-495d-b6cf-83dccba01d7a,CUL4 5,48,25
1645,f4bd76a6-66c9-41f3-9311-6962315f8fc8,PO,66,42
1646,f4bd76a6-66c9-41f3-9311-6962315f8fc8,LP,27,59
1649,664de6d9-bba2-424b-b76c-bb61900c015f,PIR,45,19
1651,664de6d9-bba2-424b-b76c-bb61900c015f,CP,18,58
1652,adcd791c-ead3-4572-a9cb-028bbee1d2e4,LSr,13,24
1654,adcd791c-ead3-4572-a9cb-028bbee1d2e4,DP,13,13
1655,adcd791c-ead3-4572-a9cb-028bbee1d2e4,PL,15,15
1656,adcd791c-ead3-4572-a9cb-028bbee1d2e4,ACAd,13,15
1657,adcd791c-ead3-4572-a9cb-028bbee1d2e4,MOs,68,39
1660,523f8301-4f56-4faf-ab33-a9ff11331118,PO,90,42
1663,523f8301-4f56-4faf-ab33-a9ff11331118,CA1,11,118
1667,3eb6e6e0-8a57-49d6-b7c9-f39d5834e682,VPM,17,33
1668,3eb6e6e0-8a57-49d6-b7c9-f39d5834e682,PO,74,42
1669,3eb6e6e0-8a57-49d6-b7c9-f39d5834e682,LP,42,59
1671,3eb6e6e0-8a57-49d6-b7c9-f39d5834e682,CA1,15,118
1672,3eb6e6e0-8a57-49d6-b7c9-f39d5834e682,VISa,52,41
1673,7d999a68-0215-4e45-8e6c-879c6ca2b771,VPM,11,33
1674,7d999a68-0215-4e45-8e6c-879c6ca2b771,PO,34,42
1675,7d999a68-0215-4e45-8e6c-879c6ca2b771,LP,31,59
1681,5a34d971-1cb3-4f0e-8dfe-e51e2313a668,TTd,63,11
1682,5a34d971-1cb3-4f0e-8dfe-e51e2313a668,DP,33,13
1683,5a34d971-1cb3-4f0e-8dfe-e51e2313a668,ORBvl,125,7
1684,5a34d971-1cb3-4f0e-8dfe-e51e2313a668,ORBm,181,8
1685,5a34d971-1cb3-4f0e-8dfe-e51e2313a668,PL,83,15
1686,5a34d971-1cb3-4f0e-8dfe-e51e2313a668,MOs,31,39
1687,8f2e16c4-893b-4f8f-bfb2-94fa452710ec,MG,20,12
1688,8f2e16c4-893b-4f8f-bfb2-94fa452710ec,SGN,12,7
1689,8f2e16c4-893b-4f8f-bfb2-94fa452710ec,LP,59,59
1690,8f2e16c4-893b-4f8f-bfb2-94fa452710ec,DG,15,95
1691,8f2e16c4-893b-4f8f-bfb2-94fa452710ec,CA1,10,118
1692,8f2e16c4-893b-4f8f-bfb2-94fa452710ec,VISam,37,16
1695,071f02e7-752a-4094-af79-8dd764e9d85d,PO,69,42
1696,071f02e7-752a-4094-af79-8dd764e9d85d,LP,23,59
1697,071f02e7-752a-4094-af79-8dd764e9d85d,DG,11,95
1702,e8f9fba4-d151-4b00-bee7-447f0f3e752c,COAp,17,12
1703,e8f9fba4-d151-4b00-bee7-447f0f3e752c,BMA,22,9
1707,e8f9fba4-d151-4b00-bee7-447f0f3e752c,VPM,21,33
1708,31f0400a-71f5-436c-ada4-dce50627dc73,BLA,24,5
1709,31f0400a-71f5-436c-ada4-dce50627dc73,BMA,30,9
1714,31f0400a-71f5-436c-ada4-dce50627dc73,LGd,11,20
1717,ca073754-be17-43b7-a38a-0c1e5563ff32,VPM,18,33
1718,ca073754-be17-43b7-a38a-0c1e5563ff32,PO,32,42
1719,ca073754-be17-43b7-a38a-0c1e5563ff32,LD,51,16
1723,1bf5c05b-3654-4d5c-bac9-2b96edd12adf,LSr,90,24
1724,1bf5c05b-3654-4d5c-bac9-2b96edd12adf,TTd,52,11
1725,1bf5c05b-3654-4d5c-bac9-2b96edd12adf,DP,41,13
1727,1bf5c05b-3654-4d5c-bac9-2b96edd12adf,ILA,23,9
1728,1bf5c05b-3654-4d5c-bac9-2b96edd12adf,PL,60,15
1729,1bf5c05b-3654-4d5c-bac9-2b96edd12adf,ACAd,38,15
1730,1bf5c05b-3654-4d5c-bac9-2b96edd12adf,MOs,16,39
1739,38124fca-a0ac-4b58-8e8b-84a2357850e6,CM,19,6
1740,38124fca-a0ac-4b58-8e8b-84a2357850e6,MD,56,13
1742,38124fca-a0ac-4b58-8e8b-84a2357850e6,DG,20,95
1744,38124fca-a0ac-4b58-8e8b-84a2357850e6,CA1,25,118
1745,38124fca-a0ac-4b58-8e8b-84a2357850e6,RSPagl,19,16
1746,38124fca-a0ac-4b58-8e8b-84a2357850e6,SSp-tr,33,12
1747,7beb9419-113d-4e47-938c-68ab2657031e,SPA,21,4
1749,7beb9419-113d-4e47-938c-68ab2657031e,CA1,26,118
1752,dc7e9403-19f7-409f-9240-05ee57cb7aea,PAA,18,3
1753,dc7e9403-19f7-409f-9240-05ee57cb7aea,EPv,31,6
1754,dc7e9403-19f7-409f-9240-05ee57cb7aea,IA,10,2
1756,dc7e9403-19f7-409f-9240-05ee57cb7aea,CEA,81,9
1757,dc7e9403-19f7-409f-9240-05ee57cb7aea,CP,42,58
1758,dc7e9403-19f7-409f-9240-05ee57cb7aea,GPe,34,8
1759,ebd18510-c263-4d5b-a736-a588862a6972,LSr,44,24
1761,ebd18510-c263-4d5b-a736-a588862a6972,ACAd,20,15
1762,ebd18510-c263-4d5b-a736-a588862a6972,MOs,146,39
1763,5a2f99aa-d3f5-469d-882e-0a16ee869746,OT,20,13
1764,5a2f99aa-d3f5-469d-882e-0a16ee869746,SI,10,23
1765,5a2f99aa-d3f5-469d-882e-0a16ee869746,ACB,51,19
1766,5a2f99aa-d3f5-469d-882e-0a16ee869746,CP,178,58
1767,a6f9e4d5-5f20-4a98-9118-22187f4d230b,AM,31,6
1768,a6f9e4d5-5f20-4a98-9118-22187f4d230b,AV,39,6
1770,a6f9e4d5-5f20-4a98-9118-22187f4d230b,SSp-ll,43,7
1771,f4f45cff-c45c-413a-92ea-b6533e3e0019,PIR,37,19
1772,f4f45cff-c45c-413a-92ea-b6533e3e0019,CP,53,58
1776,41b9162e-df67-4321-b2e6-02ff851816c5,SMT,40,4
1777,41b9162e-df67-4321-b2e6-02ff851816c5,PCN,18,5
1778,41b9162e-df67-4321-b2e6-02ff851816c5,MD,65,13
1782,f03b61b4-6b13-479d-940f-d1608eb275cc,PO,34,42
1783,f03b61b4-6b13-479d-940f-d1608eb275cc,Eth,35,16
1784,f03b61b4-6b13-479d-940f-d1608eb275cc,LP,22,59
1785,f03b61b4-6b13-479d-940f-d1608eb275cc,DG,19,95
1787,f03b61b4-6b13-479d-940f-d1608eb275cc,VISa,55,41
1788,8ab470cc-de5a-4d65-92bd-9a25fbe6d07d,MRN,18,74
1790,8ab470cc-de5a-4d65-92bd-9a25fbe6d07d,APN,65,40
1792,8ab470cc-de5a-4d65-92bd-9a25fbe6d07d,CA1,18,118
1796,55001cb4-e10f-4657-9760-1228b590a69c,PO,43,42
1797,55001cb4-e10f-4657-9760-1228b590a69c,Eth,23,16
1804,8f4fd564-7e34-4113-a6e4-ae40faa64f7a,MOs,85,39
1805,bf99284f-dc34-4652-baf1-ffaa1cc7fb05,MEA,14,9
1808,749cb2b7-e57e-4453-a794-f6230e4d0226,AON,25,14
1809,749cb2b7-e57e-4453-a794-f6230e4d0226,DP,12,13
1811,749cb2b7-e57e-4453-a794-f6230e4d0226,ORBvl,91,7
1813,749cb2b7-e57e-4453-a794-f6230e4d0226,MOs,152,39
1814,2b3c3126-11f3-4a8e-aa44-2f965bf8ab9c,ACB,28,19
1815,2b3c3126-11f3-4a8e-aa44-2f965bf8ab9c,CP,117,58
1816,2b3c3126-11f3-4a8e-aa44-2f965bf8ab9c,MOs,59,39
1822,76de0e1a-30aa-4713-9fe5-25ad2dff653f,APN,25,40
1823,76de0e1a-30aa-4713-9fe5-25ad2dff653f,DG,14,95
1826,7bd5627e-b02e-47f1-b476-4bf8eaa726b3,CP,116,58
1827,7bd5627e-b02e-47f1-b476-4bf8eaa726b3,MOp,54,30
1828,9915765e-ff15-4371-b1aa-c2ef1db8a254,COAp,40,12
1829,9915765e-ff15-4371-b1aa-c2ef1db8a254,BMA,23,9
1832,2201eb05-aebe-4bda-905e-b5cc1baf3840,SIM,58,16
1834,39180bcb-13e5-46f9-89e1-8ea2cba22105,GPe,16,8
1837,3ccb2d59-9e94-48e6-9e72-0b7b96bd3f9b,MDRN,29,5
1838,3ccb2d59-9e94-48e6-9e72-0b7b96bd3f9b,IRN,21,22
1848,10f59add-706e-41d0-87ed-9a55eb138a66,SPVI,22,10
1852,68f06c5f-8566-4a4f-a4b1-ab8398724913,MDRN,31,5
1854,68f06c5f-8566-4a4f-a4b1-ab8398724913,ECU,15,2
1861,ee320f72-b613-4acd-b10d-3ceef332a949,HATA,28,6
1864,f3988aec-b8c7-47d9-b1a0-5334eed7f92c,PRM,15,15
1865,f3988aec-b8c7-47d9-b1a0-5334eed7f92c,ANcr2,15,14
1868,4b93a168-0f3b-4124-88fa-a57046ca70e1,POL,14,13
1872,4b93a168-0f3b-4124-88fa-a57046ca70e1,VISp,10,26
1874,642a3373-6fee-4f2a-b8d6-38dd42ada763,APN,14,40
1880,5d9a5895-0f28-416c-a6d6-3e781658ea57,ANcr2,17,14
1881,0685d767-80a2-49b6-a51a-0e9b1dd7a14d,IRN,28,22
1884,0685d767-80a2-49b6-a51a-0e9b1dd7a14d,PB,31,19
1887,291fcd13-b629-49c0-baf8-57ed1351050e,MV,22,19
1894,6a098711-5423-4072-8909-7cff0e2d4531,CENT3,14,19
1896,88fe9ed9-9e3e-431a-8ecc-4cb2fe5bf448,P5,13,2
1898,88fe9ed9-9e3e-431a-8ecc-4cb2fe5bf448,SUT,12,6
1902,d403c464-9d91-4338-b64b-81c299356972,PRE,24,7
1905,ce24bbe9-ae70-4659-9e9c-564d1a865de8,MARN,16,3
1906,ce24bbe9-ae70-4659-9e9c-564d1a865de8,GRN,35,12
1909,ce24bbe9-ae70-4659-9e9c-564d1a865de8,CENT2,34,10
1912,ce397420-3cd2-4a55-8fd1-5e28321981f4,PO,49,42
1913,ce397420-3cd2-4a55-8fd1-5e28321981f4,Eth,32,16
1914,ce397420-3cd2-4a55-8fd1-5e28321981f4,LP,49,59
1916,ce397420-3cd2-4a55-8fd1-5e28321981f4,CA1,12,118
1917,ce397420-3cd2-4a55-8fd1-5e28321981f4,VISa,55,41
1918,3a37fb5c-3e96-4a0e-ac63-2eeec6744588,SPVC,17,3
1920,3a37fb5c-3e96-4a0e-ac63-2eeec6744588,UVU,10,6
1921,3a37fb5c-3e96-4a0e-ac63-2eeec6744588,COPY,15,13
1922,3a37fb5c-3e96-4a0e-ac63-2eeec6744588,PYR,19,4
1924,3a37fb5c-3e96-4a0e-ac63-2eeec6744588,DEC,19,6
1926,869bac48-ad1b-46b8-be00-cf6b26aea40e,NOD,19,9
1933,c0c3c95d-43c3-4e30-9ce7-0519d0473911,CA1,11,118
1940,099c0519-640b-4eb7-867c-998dc337579d,SSp-bfd,21,22
1941,04c9890f-2276-4c20-854f-305ff5c9b6cf,MARN,11,3
1942,04c9890f-2276-4c20-854f-305ff5c9b6cf,GRN,50,12
1946,3e7618b8-34ca-4e48-ba3a-0e0f88a43131,RT,13,16
1947,3e7618b8-34ca-4e48-ba3a-0e0f88a43131,SSp-bfd,10,22
1949,143dd7cf-6a47-47a1-906d-927ad7fe9117,PoT,40,19
1950,143dd7cf-6a47-47a1-906d-927ad7fe9117,SGN,25,7
1951,143dd7cf-6a47-47a1-906d-927ad7fe9117,LP,40,59
1955,72c095b0-c7ab-4e22-a4aa-4163102de553,IRN,11,22
1963,de5d704c-4a5b-4fb0-b4af-71614c510a8b,COPY,22,13
1967,de5d704c-4a5b-4fb0-b4af-71614c510a8b,DEC,14,6
1968,0228bcfd-632e-49bd-acd4-c334cf9213e9,COPY,13,13
1971,0228bcfd-632e-49bd-acd4-c334cf9213e9,DEC,25,6
1973,ffb1b072-2de7-44a4-8115-5799b9866382,IRN,18,22
1978,25e75514-43e1-4c07-9fea-581bd203b55c,MDRN,30,5
1985,58b271d5-f728-4de8-b2ae-51908931247c,PRM,19,15
1986,58b271d5-f728-4de8-b2ae-51908931247c,ANcr2,18,14
1987,58b271d5-f728-4de8-b2ae-51908931247c,ANcr1,27,8
1989,577e4741-4b15-4e91-b81b-61304a09bfb5,MV,12,19
1992,810416d1-ce3c-4b2e-a827-6cdc65c8cd5c,PR,20,2
1993,810416d1-ce3c-4b2e-a827-6cdc65c8cd5c,SMT,12,4
1995,810416d1-ce3c-4b2e-a827-6cdc65c8cd5c,MD,24,13
1999,485b50c8-71e1-4654-9a07-64395c15f5ed,MRN,12,74
2000,485b50c8-71e1-4654-9a07-64395c15f5ed,APN,21,40
2001,485b50c8-71e1-4654-9a07-64395c15f5ed,CA1,23,118
2005,0aafb6f1-6c10-4886-8f03-543988e02d9e,APN,45,40
2007,0aafb6f1-6c10-4886-8f03-543988e02d9e,CA1,15,118
2008,0aafb6f1-6c10-4886-8f03-543988e02d9e,VISa,24,41
2009,3283d8ec-1436-4529-8a16-941bbf65c91d,SI,10,23
2011,3283d8ec-1436-4529-8a16-941bbf65c91d,BST,10,10
2012,3283d8ec-1436-4529-8a16-941bbf65c91d,LSv,14,12
2013,3283d8ec-1436-4529-8a16-941bbf65c91d,LSr,43,24
2017,92564b0d-7b57-45e1-8ec5-41f95340995e,CA1,12,118
2018,11a5a93e-58a9-4ed0-995e-52279ec16b98,VPM,54,33
2019,11a5a93e-58a9-4ed0-995e-52279ec16b98,PO,17,42
2020,11a5a93e-58a9-4ed0-995e-52279ec16b98,LP,31,59
2021,11a5a93e-58a9-4ed0-995e-52279ec16b98,LGd,25,20
2023,11a5a93e-58a9-4ed0-995e-52279ec16b98,DG,12,95
2024,11a5a93e-58a9-4ed0-995e-52279ec16b98,CA1,17,118
2025,11a5a93e-58a9-4ed0-995e-52279ec16b98,VISa,16,41
2030,46630957-63fd-4d0d-a2ba-8766f0796db8,BLA,62,5
2032,46630957-63fd-4d0d-a2ba-8766f0796db8,LA,28,3
2033,46630957-63fd-4d0d-a2ba-8766f0796db8,CP,49,58
2034,46630957-63fd-4d0d-a2ba-8766f0796db8,SSp-bfd,14,22
2036,20469b30-1cd8-4078-9883-a840a0f6d787,ILA,34,9
2037,20469b30-1cd8-4078-9883-a840a0f6d787,ORBm,18,8
2039,d3b3c9a7-cf6a-4d25-b8da-e0f599a26191,MRN,15,74
2041,d3b3c9a7-cf6a-4d25-b8da-e0f599a26191,NPC,12,6
2044,8aba5f8c-4438-4588-9bb0-b20d2fd3eca5,ORBm,18,8
2047,b549e337-acc5-4837-9c56-e53b173fe5fe,ACB,20,19
2048,b549e337-acc5-4837-9c56-e53b173fe5fe,ORBl,86,9
2052,57c5856a-c7bd-4d0f-87c6-37005b1484aa,IRN,20,22
2053,57c5856a-c7bd-4d0f-87c6-37005b1484aa,MV,17,19
2056,bc2f8bde-9498-41d7-b9db-83bd05cd34ba,SPVO,11,6
2062,f698f893-da01-49a1-ae4b-16f7e42e5ff5,SUB,49,22
2064,f698f893-da01-49a1-ae4b-16f7e42e5ff5,VISli,10,7
2066,84fd7fa3-6c2d-4233-b265-46a427d3d68d,VPM,25,33
2067,84fd7fa3-6c2d-4233-b265-46a427d3d68d,PO,20,42
2068,84fd7fa3-6c2d-4233-b265-46a427d3d68d,LP,28,59
2072,86553ccc-2e51-4cfb-a8e6-80da6860c8d9,SPVI,41,10
2076,86553ccc-2e51-4cfb-a8e6-80da6860c8d9,PRM,10,15
2077,86553ccc-2e51-4cfb-a8e6-80da6860c8d9,ANcr2,15,14
2078,d8c7d3f2-f8e7-451d-bca1-7800f4ef52ed,PRM,17,15
2079,d8c7d3f2-f8e7-451d-bca1-7800f4ef52ed,ANcr2,13,14
2081,5b489aee-75e8-42af-aca6-3026d9a54c2d,PARN,11,15
2082,5b489aee-75e8-42af-aca6-3026d9a54c2d,I5,12,3
2084,5b489aee-75e8-42af-aca6-3026d9a54c2d,CUL4 5,20,25
2087,da57bb3a-b0f2-465d-a5fc-cc84341450b0,V,37,6
2092,176b4fe3-f570-4d9f-9e25-a5d218f75c8b,PAR,20,6
2097,76c5c1a1-3617-4727-9f75-d975c9a08203,SPIV,26,10
2099,76c5c1a1-3617-4727-9f75-d975c9a08203,SUV,11,8
2101,76c5c1a1-3617-4727-9f75-d975c9a08203,ICB,19,2
2103,c0e59477-43f0-4441-9f81-3a55ddad9dad,MARN,14,3
2104,c0e59477-43f0-4441-9f81-3a55ddad9dad,GRN,34,12
2115,4037a618-e6ba-4142-a6d2-3e32ef25fd1b,IRN,12,22
2116,4037a618-e6ba-4142-a6d2-3e32ef25fd1b,PARN,10,15
2121,19137f8d-0f3b-4923-93ad-f741758e1b2e,APN,16,40
2123,19137f8d-0f3b-4923-93ad-f741758e1b2e,SUB,18,22
2124,19137f8d-0f3b-4923-93ad-f741758e1b2e,VISpm,16,11
2126,727ff7c4-d63f-4bd8-9888-f134a25b874f,PAG,24,36
2128,727ff7c4-d63f-4bd8-9888-f134a25b874f,RSPv,22,20
2130,94761f31-0dfc-4f67-87ef-6d1ac7f95144,APN,30,40
2138,0851db85-2889-4070-ac18-a40e8ebd96ba,VISam,21,16
2141,c9fb5e2e-bd92-41d8-8b7e-394005860a1e,CA1,10,118
2142,c9fb5e2e-bd92-41d8-8b7e-394005860a1e,CA3,10,59
2145,c9fb5e2e-bd92-41d8-8b7e-394005860a1e,MG,13,12
2146,c9fb5e2e-bd92-41d8-8b7e-394005860a1e,LGd,41,20
2147,c9fb5e2e-bd92-41d8-8b7e-394005860a1e,DG,24,95
2150,b25799a5-09e8-4656-9c1b-44bc9cbb5279,PO,68,42
2151,b25799a5-09e8-4656-9c1b-44bc9cbb5279,LP,24,59
2156,db2100c3-64ac-463e-97a1-20ce8266cd5f,SUM,10,2
2157,db2100c3-64ac-463e-97a1-20ce8266cd5f,PH,27,2
2158,db2100c3-64ac-463e-97a1-20ce8266cd5f,SPF,12,14
2163,06d42449-d6ac-4c35-8f85-24ecfbc08bc1,CEA,12,9
2164,06d42449-d6ac-4c35-8f85-24ecfbc08bc1,GPe,37,8
2165,06d42449-d6ac-4c35-8f85-24ecfbc08bc1,CP,27,58
2168,7d63ab43-95e4-41f5-bd43-c629578de7a9,CEA,27,9
2169,7d63ab43-95e4-41f5-bd43-c629578de7a9,CP,87,58
2170,7d63ab43-95e4-41f5-bd43-c629578de7a9,SSp-bfd,20,22
2171,88e1154c-bd92-446d-bd6d-550062666223,AIp,19,4
2172,88e1154c-bd92-446d-bd6d-550062666223,VISC,62,2
2173,88e1154c-bd92-446d-bd6d-550062666223,SSs,132,7
2174,88e1154c-bd92-446d-bd6d-550062666223,SSp-bfd,48,22
2175,5a5a2320-3b0d-485d-aba2-dc96357e00d8,VPL,16,17
2178,5a5a2320-3b0d-485d-aba2-dc96357e00d8,SSp-ll,10,7
2179,366dabe3-2790-4511-a7dc-023a1ad9df75,SPVO,12,6
2194,68c98fb2-402b-4670-9b3b-0c77619998ea,PAR,28,6
2196,68c98fb2-402b-4670-9b3b-0c77619998ea,POST,24,12
2199,d6c810b2-5922-4127-af2b-4b104bc55c2b,SAG,17,2
2200,d6c810b2-5922-4127-af2b-4b104bc55c2b,IC,10,16
2201,d6c810b2-5922-4127-af2b-4b104bc55c2b,POST,11,12
2202,d6c810b2-5922-4127-af2b-4b104bc55c2b,VISp,14,26
2203,a3d13b05-bf4d-427a-a2d5-2fe050d603ec,MRN,11,74
2204,a3d13b05-bf4d-427a-a2d5-2fe050d603ec,SCm,20,38
2207,b45c8f3f-6361-41df-9bc1-9df98b3d30e6,POL,17,13
2209,b45c8f3f-6361-41df-9bc1-9df98b3d30e6,SUB,19,22
2211,dd619e10-5df1-4c79-bd62-cc00937b5d36,ProS,76,15
2212,dd619e10-5df1-4c79-bd62-cc00937b5d36,DG,60,95
2213,dd619e10-5df1-4c79-bd62-cc00937b5d36,CA3,62,59
2215,eda7a3ac-f038-4603-9c68-816234e9c4eb,MRN,21,74
2216,eda7a3ac-f038-4603-9c68-816234e9c4eb,SCm,32,38
2219,4c04120d-523a-4795-ba8f-49dbb8d9f63a,APN,14,40
2223,4c04120d-523a-4795-ba8f-49dbb8d9f63a,CA1,71,118
2224,4c04120d-523a-4795-ba8f-49dbb8d9f63a,VISam,17,16
2225,4c04120d-523a-4795-ba8f-49dbb8d9f63a,VISa,111,41
2226,9657af01-50bd-4120-8303-416ad9e24a51,APN,22,40
2228,9657af01-50bd-4120-8303-416ad9e24a51,CA1,11,118
2229,9657af01-50bd-4120-8303-416ad9e24a51,VISa,13,41
2232,96fe2729-b5a2-4e77-92bb-9df410144768,VPM,23,33
2234,96fe2729-b5a2-4e77-92bb-9df410144768,VAL,22,7
2237,b4131145-9675-4433-88e1-9ae016c701dd,MD,32,13
2240,b4131145-9675-4433-88e1-9ae016c701dd,CA3,32,59
2241,b4131145-9675-4433-88e1-9ae016c701dd,MOp,90,30
2243,0fa33419-e7b9-4d00-8cab-3b51f93ecf0c,FC,10,2
2244,0fa33419-e7b9-4d00-8cab-3b51f93ecf0c,RSPv,40,20
2245,0fa33419-e7b9-4d00-8cab-3b51f93ecf0c,RSPd,12,21
2248,257d0357-76ed-4220-8d50-68da6efda72d,RSPd,38,21
2250,30ac1320-d671-46fc-87ef-875cdfc6b4eb,MRN,32,74
2251,30ac1320-d671-46fc-87ef-875cdfc6b4eb,APN,44,40
2256,e6508b9a-9dec-47d7-88c7-b0a72c7d1134,MV,40,19
2257,e6508b9a-9dec-47d7-88c7-b0a72c7d1134,VeCB,28,5
2258,e6508b9a-9dec-47d7-88c7-b0a72c7d1134,IP,14,20
2259,e6508b9a-9dec-47d7-88c7-b0a72c7d1134,CENT3,21,19
2260,e6508b9a-9dec-47d7-88c7-b0a72c7d1134,CUL4 5,38,25
2262,b3065f45-7227-4099-9f8c-7e81e677d8cf,SIM,40,16
2265,2781c08e-a356-4a0d-8c28-4f94d1c87f69,MV,37,19
2267,a9c9df46-85f3-46ad-848d-c6b8da4ae67c,ENTm,37,12
2268,a9c9df46-85f3-46ad-848d-c6b8da4ae67c,PAR,16,6
2269,a9c9df46-85f3-46ad-848d-c6b8da4ae67c,VISp,138,26
2270,362823e7-5514-41d3-a31d-4b73f91ad3d0,TRN,37,5
2272,362823e7-5514-41d3-a31d-4b73f91ad3d0,CS,21,7
2273,362823e7-5514-41d3-a31d-4b73f91ad3d0,CLI,10,4
2277,57656bee-e32e-4848-b924-0f6f18cfdfb1,APN,17,40
2281,4364cabe-a27c-4bd5-b398-1d068aca47cf,APN,10,40
2282,4364cabe-a27c-4bd5-b398-1d068aca47cf,CA1,11,118
2284,4364cabe-a27c-4bd5-b398-1d068aca47cf,VISa,22,41
2287,b8df4cc3-e973-4267-8cf8-a55cea77e1ac,PA,25,10
2288,b8df4cc3-e973-4267-8cf8-a55cea77e1ac,CA3,28,59
2289,b8df4cc3-e973-4267-8cf8-a55cea77e1ac,ZI,10,34
2290,b8df4cc3-e973-4267-8cf8-a55cea77e1ac,LGd,39,20
2293,179ce6d0-e348-4257-b718-e58dd4134589,CS,32,7
2294,179ce6d0-e348-4257-b718-e58dd4134589,PAG,25,36
2296,532bb33e-f22f-454a-ba1f-561d1578b250,MRN,11,74
2297,532bb33e-f22f-454a-ba1f-561d1578b250,APN,12,40
2299,532bb33e-f22f-454a-ba1f-561d1578b250,CA1,25,118
2302,3220377b-f53e-412d-a859-ef8ccb8f0a40,LHA,22,9
2304,3220377b-f53e-412d-a859-ef8ccb8f0a40,PF,10,4
2307,9ac90b86-fc72-4ca0-9389-c8b3a77da437,SUM,16,2
2308,9ac90b86-fc72-4ca0-9389-c8b3a77da437,PAG,11,36
2309,9bd71ac6-c455-41f3-8c56-59987a649ac4,AON,92,14
2310,9bd71ac6-c455-41f3-8c56-59987a649ac4,ORBvl,161,7
2312,9bd71ac6-c455-41f3-8c56-59987a649ac4,MOs,60,39
2317,38981973-20de-44e5-8717-efcf88642502,PARN,43,15
2318,38981973-20de-44e5-8717-efcf88642502,SPVI,32,10
2319,38981973-20de-44e5-8717-efcf88642502,x,23,2
2324,d06bdedb-e173-4fe5-a4f1-ab9ab53f9761,COPY,39,13
2325,d06bdedb-e173-4fe5-a4f1-ab9ab53f9761,SIM,47,16
2327,99086aba-f671-42b5-bdc0-e665c61f5452,MRN,12,74
2328,99086aba-f671-42b5-bdc0-e665c61f5452,SCm,11,38
2329,99086aba-f671-42b5-bdc0-e665c61f5452,RSPv,13,20
2330,99086aba-f671-42b5-bdc0-e665c61f5452,RSPagl,11,16
2335,9e979599-11e1-4372-96fc-e80520f3e668,PARN,25,15
2336,9e979599-11e1-4372-96fc-e80520f3e668,SPVI,16,10
2338,9e979599-11e1-4372-96fc-e80520f3e668,SPIV,14,10
2341,9e979599-11e1-4372-96fc-e80520f3e668,IP,12,20
2342,1bd85dab-7a53-49d1-acd4-e82f9fd07cf6,PAR,32,6
2343,1bd85dab-7a53-49d1-acd4-e82f9fd07cf6,PRE,41,7
2344,1bd85dab-7a53-49d1-acd4-e82f9fd07cf6,POST,17,12
2345,1bd85dab-7a53-49d1-acd4-e82f9fd07cf6,VISp,79,26
2346,f9b2e36b-eef8-402f-b121-786dfed58bcb,PAG,92,36
2347,f9b2e36b-eef8-402f-b121-786dfed58bcb,SCm,58,38
2348,f9b2e36b-eef8-402f-b121-786dfed58bcb,SCs,23,19
2350,f9b2e36b-eef8-402f-b121-786dfed58bcb,RSPd,57,21
2351,f9b2e36b-eef8-402f-b121-786dfed58bcb,RSPagl,13,16
2354,fe380793-8035-414e-b000-09bfe5ece92a,ECT,34,5
2355,fe380793-8035-414e-b000-09bfe5ece92a,TEa,98,6
2356,fe380793-8035-414e-b000-09bfe5ece92a,AUDv,91,7
2357,fe380793-8035-414e-b000-09bfe5ece92a,AUDd,26,5
2358,fe380793-8035-414e-b000-09bfe5ece92a,SSs,75,7
2359,fe380793-8035-414e-b000-09bfe5ece92a,SSp-bfd,14,22
2360,64d04585-67e7-4320-baad-8d4589fd18f7,CA1,48,118
2361,64d04585-67e7-4320-baad-8d4589fd18f7,CA3,66,59
2362,4994543f-20e8-4421-adca-8739984e07ad,HATA,10,6
2363,4994543f-20e8-4421-adca-8739984e07ad,CA3,26,59
2366,4994543f-20e8-4421-adca-8739984e07ad,VPM,45,33
2372,d8dae4d0-e11d-4b4d-8bd9-103c13491eb7,DG,13,95
2373,d8dae4d0-e11d-4b4d-8bd9-103c13491eb7,CA1,10,118
2374,d8dae4d0-e11d-4b4d-8bd9-103c13491eb7,RSPagl,118,16
2376,0dfc64c5-80bc-43b6-a7c4-2fb6e638e9f3,CP,187,58
2377,0dfc64c5-80bc-43b6-a7c4-2fb6e638e9f3,SSp-m,20,11
2378,920865d3-1581-4e81-bd63-ab2186024564,CP,136,58
2379,920865d3-1581-4e81-bd63-ab2186024564,MOp,42,30
2382,03d2d8d1-a116-4763-8425-4ef7b1c1bd35,EPd,28,8
2383,03d2d8d1-a116-4763-8425-4ef7b1c1bd35,AIv,17,5
2384,03d2d8d1-a116-4763-8425-4ef7b1c1bd35,CLA,49,4
2385,03d2d8d1-a116-4763-8425-4ef7b1c1bd35,AId,19,10
2386,03d2d8d1-a116-4763-8425-4ef7b1c1bd35,MOp,114,30
2387,5011eba9-8926-4a73-b729-579d02676d25,ACB,27,19
2388,5011eba9-8926-4a73-b729-579d02676d25,CP,70,58
2390,5011eba9-8926-4a73-b729-579d02676d25,MOp,81,30
2393,79b2e46e-e2ee-446e-b875-9aff03ef52d2,CP,83,58
2394,79b2e46e-e2ee-446e-b875-9aff03ef52d2,MOp,73,30
2395,f211d54e-e7eb-4188-bdcd-faa9c4317e9e,PIR,20,19
2397,f211d54e-e7eb-4188-bdcd-faa9c4317e9e,CP,153,58
2399,00a96dee-1e8b-44cc-9cc3-aca704d2b594,TRN,11,5
2400,00a96dee-1e8b-44cc-9cc3-aca704d2b594,CS,34,7
2404,00a96dee-1e8b-44cc-9cc3-aca704d2b594,PAG,13,36
2405,8d89b7d0-33e7-45c6-9972-d3ad4c1e5f4c,CP,136,58
2406,8d89b7d0-33e7-45c6-9972-d3ad4c1e5f4c,MOp,20,30
2407,8ca1a850-26ef-42be-8b28-c2e2d12f06d6,PO,56,42
2408,8ca1a850-26ef-42be-8b28-c2e2d12f06d6,LD,27,16
2411,8ca1a850-26ef-42be-8b28-c2e2d12f06d6,CA1,12,118
2412,8ca1a850-26ef-42be-8b28-c2e2d12f06d6,SSp-tr,26,12
2413,54c8f5de-83d7-49b9-9b4c-67fe0f07289b,CA3,49,59
2415,54c8f5de-83d7-49b9-9b4c-67fe0f07289b,CA1,68,118
2417,91fb4ed3-ee27-4d7e-ba5d-f61202ed9884,ENTl,127,12
2418,91fb4ed3-ee27-4d7e-ba5d-f61202ed9884,CA1,113,118
2419,91fb4ed3-ee27-4d7e-ba5d-f61202ed9884,TEa,46,6
2420,91fb4ed3-ee27-4d7e-ba5d-f61202ed9884,VISli,39,7
2421,91fb4ed3-ee27-4d7e-ba5d-f61202ed9884,VISl,130,9
2422,ece878b9-830d-4618-b801-ad0e7d8e7085,DG,166,95
2423,ece878b9-830d-4618-b801-ad0e7d8e7085,CA1,35,118
2424,ece878b9-830d-4618-b801-ad0e7d8e7085,ProS,43,15
2425,ece878b9-830d-4618-b801-ad0e7d8e7085,VISl,33,9
2426,ece878b9-830d-4618-b801-ad0e7d8e7085,VISp,15,26
2427,180d278e-1a49-42da-a624-24aa14b57a4e,PAG,19,36
2428,180d278e-1a49-42da-a624-24aa14b57a4e,NPC,10,6
2431,180d278e-1a49-42da-a624-24aa14b57a4e,SUB,12,22
2432,180d278e-1a49-42da-a624-24aa14b57a4e,RSPv,52,20
2433,180d278e-1a49-42da-a624-24aa14b57a4e,RSPd,16,21
2435,d14f70e6-bf7b-4d6d-a380-bfd0a46ed7a1,MRN,37,74
2436,d14f70e6-bf7b-4d6d-a380-bfd0a46ed7a1,RN,11,11
2438,d14f70e6-bf7b-4d6d-a380-bfd0a46ed7a1,SCm,44,38
2441,d14f70e6-bf7b-4d6d-a380-bfd0a46ed7a1,RSPv,17,20
2444,81b1800e-f138-4337-abc9-bb0449b77852,PAG,15,36
2446,81b1800e-f138-4337-abc9-bb0449b77852,RSPv,10,20
2450,8bf0f1a4-0d8c-4df3-a99e-f7c81c809652,CS,34,7
2451,8bf0f1a4-0d8c-4df3-a99e-f7c81c809652,CLI,16,4
2454,8bf0f1a4-0d8c-4df3-a99e-f7c81c809652,PAG,19,36
2455,5d570bf6-a4c6-4bf1-a14b-2c878c84ef0e,VII,10,3
2456,5d570bf6-a4c6-4bf1-a14b-2c878c84ef0e,IRN,39,22
2457,5d570bf6-a4c6-4bf1-a14b-2c878c84ef0e,PRNc,69,7
2458,5d570bf6-a4c6-4bf1-a14b-2c878c84ef0e,PAG,17,36
2459,f7c93877-ec05-4091-a003-e69fae0f2fa8,RT,21,16
2460,f7c93877-ec05-4091-a003-e69fae0f2fa8,SSp-bfd,12,22
2461,675952a4-e8b3-4e82-a179-cc970d5a8b01,PAA,28,3
2462,675952a4-e8b3-4e82-a179-cc970d5a8b01,BMA,17,9
2463,675952a4-e8b3-4e82-a179-cc970d5a8b01,CEA,23,9
2464,675952a4-e8b3-4e82-a179-cc970d5a8b01,CP,88,58
2466,79f44ba1-c931-4346-82eb-f628a9374045,AV,36,6
2467,79f44ba1-c931-4346-82eb-f628a9374045,SSp-ll,81,7
