region,combined_p-value,combined_sig,n_sessions,n_units_mean,values_std,values_median,frac_sig,values_median_sig,null_median_of_medians,,GLM ITI block mean delta R^2,GLM 95th percentile of delta R^2 for ITI block distribution,,[single-cell]Fraction of significant neuons ,[single-cell]Lower CL of fraction,[single-cell]Higher CL of fraction,,[single-cell: without control for stim and choice] Frcation of signgicant neurons,,region,GLM fraction of neurons significant at alpha = 0.01 (two tailed) for ITI block,GLM mean percentile of neurons in region w.r.t impostor control (two-tailed percentile),,acronym,name,nclus,p_var,amp_var,lat_var,p_euc,amp_euc,lat_euc
AAA,,,,,,,,,,,-3.88E-05,7.39E-04,,,,,,,,AAA,0.2736842105,0.7382077949,,AAA,Anterior amygdalar area,,,,,,,
ACAd,2.18E-01,FALSE,9,20.11111111,0.03713445942,0.574337498,0.1111111111,0.6249379871,0.5588922493,,1.31E-04,1.75E-03,,0.038674033,0.004664233,0.07576729,,,,ACAd,0.2626168224,0.741307665,,ACAd,Anterior cingulate area dorsal part,241,0.8421578422,0.1396399581,-0.3937062937,0.2297702298,0.08616806787,-0.3244755245
ACAv,6.83E-01,FALSE,6,17.33333333,0.04024466606,0.5560515156,0,,0.555939203,,-1.45E-04,8.94E-04,,0.019230769,0.00473566,0.074760425,,,,ACAv,0.2489795918,0.726087417,,ACAv,Anterior cingulate area ventral part,125,0.5564435564,0.2031019654,-0.3412587413,0.5374625375,0.09183722687,-0.3370629371
ACB,5.65E-01,FALSE,10,19.2,0.03772619065,0.5398132965,0,,0.5369479452,,2.84E-04,1.67E-03,,0.046875,0.024465474,0.087960095,,,,ACB,0.2986046512,0.7557888873,,ACB,Nucleus accumbens,228,0.993006993,0.1206706738,-0.3895104895,0.8701298701,0.09505975175,-0.3664335664
Acs5,,,,,,,,,,,NaN,NaN,,,,,,,,Acs5,,,,Acs5,Accessory trigeminal nucleus,,,,,,,
AD,,,,,,,,,,,NaN,NaN,,,,,,,,AD,,,,AD,Anterodorsal nucleus,,,,,,,
ADP,,,,,,,,,,,3.16E-04,5.18E-04,,,,,,,,ADP,0.4,0.7548103792,,ADP,Anterodorsal preoptic nucleus,,,,,,,
AHN,,,,,,,,,,,-1.00E-04,1.61E-04,,,,,,,,AHN,0.1,0.5592015968,,AHN,Anterior hypothalamic nucleus,,,,,,,
AId,1.56E-02,TRUE,6,24.5,0.04588501808,0.6124157059,0.3333333333,0.6124157059,0.5552301091,,2.48E-04,1.62E-03,,0.06122449,0.031985827,0.11404182,,,,AId,0.2220183486,0.6953908696,,AId,Agranular insular area dorsal part,169,0.99000999,0.1360091357,-0.4,0.8511488511,0.1085087437,-0.4
AIp,0.4315195897,FALSE,3,19.66666667,0.04902838008,0.5785606061,0,,0.5385732877,,2.43E-04,1.34E-03,,0.06779661,0.02514441,0.170169859,,,,AIp,0.2675675676,0.7494481308,,AIp,Agranular insular area posterior part,,,,,,,
AIv,1.76E-01,FALSE,4,25.5,0.05604602763,0.5188871628,0.25,0.6297587259,0.5331836407,,1.33E-04,1.11E-03,,0.058823529,0.026406905,0.125888702,,,,AIv,0.07317073171,0.6095107346,,AIv,Agranular insular area ventral part,106,0.5104895105,0.2064113041,-0.3643356643,0.5144855145,0.1008474723,-0.4
AM,2.97E-01,FALSE,3,22,0.03240289541,0.521732114,0,,0.527955665,,4.57E-05,9.98E-04,,0.015151515,0.002052115,0.103220234,,,,AM,0.2164383562,0.7089962541,,AM,Anteromedial nucleus,,,,,,,
AMB,,,,,,,,,,,NaN,NaN,,,,,,,,AMB,,,,AMB,Nucleus ambiguus,,,,,,,
ANcr1,0.5705420525,FALSE,4,32.25,0.06191158469,0.5453753192,0,,0.5934905979,,1.30E-04,1.19E-03,,0.031007752,0.011577353,0.080395962,,,,ANcr1,0.1707692308,0.6873698756,,ANcr1,Crus 1,138,0.6103896104,0.2121190246,-0.3937062937,0.9240759241,0.1153582017,-0.3517482517
ANcr2,,,,,,,,,,,8.22E-05,7.47E-04,,,,,,,,ANcr2,0.1855263158,0.7050404454,,ANcr2,Crus 2,131,0.8421578422,0.2312548674,-0.4,0.5754245754,0.2004220933,-0.3664335664
AOB,,,,,,,,,,,-3.99E-04,-3.99E-04,,,,,,,,AOB,,,,AOB,Accessory olfactory bulb,,,,,,,
AON,5.98E-01,FALSE,7,28.57142857,0.03909632635,0.5506638714,0,,0.557725791,,1.61E-04,1.28E-03,,0.056,0.025580085,0.098171977,,,,AON,0.2219178082,0.7220167883,,AON,Anterior olfactory nucleus,270,0.7612387612,0.1382252576,-0.3895104895,0.7462537463,0.07147838102,-0.3916083916
AP,,,,,,,,,,,NaN,NaN,,,,,,,,AP,,,,AP,Area postrema,,,,,,,
APN,3.46E-01,FALSE,22,20.04545455,0.04621527408,0.5581555022,0.04545454545,0.6234747558,0.5602702022,,3.56E-04,2.96E-03,,0.046403712,0.030092474,0.070909861,,,,APN,0.2834307992,0.7406129651,,APN,Anterior pretectal nucleus,496,0.982017982,0.07976360478,-0.3958041958,0.4635364635,0.09537902628,-0.3097902098
APr,,,,,,,,,,,-6.02E-05,2.36E-05,,,,,,,,APr,0.36,0.697756487,,APr,Area prostriata,,,,,,,
ARH,,,,,,,,,,,NaN,NaN,,,,,,,,ARH,,,,ARH,Arcuate hypothalamic nucleus,,,,,,,
AT,,,,,,,,,,,3.25E-04,1.06E-03,,,,,,,,AT,0.5,0.8116966068,,AT,Anterior tegmental nucleus,,,,,,,
AUDd,,,,,,,,,,,1.84E-03,6.20E-03,,,,,,,,AUDd,0.3647058824,0.7518375015,,AUDd,Dorsal auditory area,,,,,,,
AUDp,0.6279591974,FALSE,4,24.25,0.02684205908,0.5783964722,0,,0.5776198521,,-3.43E-04,2.06E-03,,0.103092784,0.05592869,0.182347721,,,,AUDp,0.3166666667,0.7585647752,,AUDp,Primary auditory area,105,0.4475524476,0.2322409224,-0.4,0.8961038961,0.1291700965,-0.4
AUDpo,,,,,,,,,,,5.09E-03,1.38E-02,,,,,,,,AUDpo,0.4,0.8536260812,,AUDpo,Posterior auditory area,,,,,,,
AUDv,2.37E-01,FALSE,4,23.75,0.05584833807,0.5258027115,0.25,0.6437929169,0.5677193156,,2.25E-04,1.69E-03,,0.073684211,0.035190291,0.147833828,,,,AUDv,0.3422222222,0.7713373253,,AUDv,Ventral auditory area,,,,,,,
AV,3.64E-01,FALSE,4,20.75,0.04249311538,0.5513731208,0,,0.537174451,,3.56E-04,1.62E-03,,0.048192771,5.20E-03,0.188861156,,,,AV,0.3340659341,0.7682139019,,AV,Anteroventral nucleus of thalamus,,,,,,,
AVP,,,,,,,,,,,-1.94E-05,1.39E-04,,,,,,,,AVP,0.1333333333,0.6993745842,,AVP,Anteroventral preoptic nucleus,,,,,,,
AVPV,,,,,,,,,,,NaN,NaN,,,,,,,,AVPV,,,,AVPV,Anteroventral periventricular nucleus,,,,,,,
B,,,,,,,,,,,NaN,NaN,,,,,,,,B,,,,B,Barrington's nucleus,,,,,,,
BA,,,,,,,,,,,NaN,NaN,,,,,,,,BA,,,,BA,Bed nucleus of the accessory olfactory tract,,,,,,,
BLA,0.7489575616,FALSE,5,16,0.04764673307,0.5376797386,0,,0.5455263158,,3.98E-06,4.76E-04,,0.048076923,0.01085638,0.124472918,,,,BLA,0.1880952381,0.6878167475,,BLA,Basolateral amygdalar nucleus,110,0.8881118881,0.184180179,-0.4,0.6833166833,0.08818143273,-0.4
BMA,3.40E-01,FALSE,5,14,0.05971508263,0.5314170349,0,,0.527467318,,1.71E-05,6.59E-04,,0.099173554,5.69E-02,0.167389289,,,,BMA,0.2015384615,0.7045723937,,BMA,Basomedial amygdalar nucleus,149,0.6893106893,0.1821228654,-0.3979020979,0.8821178821,0.1125708717,-0.3937062937
BST,1.39E-01,FALSE,5,13.8,0.04957012742,0.5303214983,0.2,0.6302743049,0.5112697521,,1.10E-04,1.66E-03,,0.086956522,0.038014527,0.184198125,,,,BST,0.3085714286,0.7505301777,,BST,Bed nuclei of the stria terminalis,108,0.9490509491,0.2168727184,-0.3979020979,0.4385614386,0.2000265059,-0.3979020979
CA1,4.48E-01,FALSE,27,23.40740741,0.05883080539,0.5423042291,0.07407407407,0.7014560548,0.5591594828,,4.11E-03,3.23E-03,,0.031847134,0.013442755,0.043520157,,,,CA1,0.2643757159,0.7325301745,,CA1,Field CA1,1037,0.8981018981,0.08167649755,-0.3979020979,0.2057942058,0.06021206339,-0.3601398601
CA2,,,,,,,,,,,1.48E-04,1.17E-03,,,,,,,,CA2,0.296,0.7091129741,,CA2,Field CA2,,,,,,,
CA3,4.42E-01,FALSE,15,22.86666667,0.05826364966,0.567281058,0.06666666667,0.7422412063,0.5569159969,,2.51E-04,1.80E-03,,0.043731778,0.022790641,0.068540093,,,,CA3,0.2510822511,0.7233456896,,CA3,Field CA3,507,0.9200799201,0.08416828984,-0.3748251748,0.8821178821,0.07365592519,-0.3769230769
CEA,6.27E-01,FALSE,3,18.33333333,0.01718515467,0.5377275025,0,,0.5265029606,,2.21E-04,1.35E-03,,0.086538462,0.017310561,0.177379761,,,,CEA,0.2285714286,0.718207541,,CEA,Central amygdalar nucleus,123,0.7792207792,0.1703288721,-0.3811188811,0.8401598402,0.1344003424,-0.3685314685
CENT2,0.07585339607,FALSE,4,16.75,0.02690660562,0.5746421379,0,,0.5470028727,,1.90E-04,1.80E-03,,0.089552239,0.040180825,0.187723012,,,,CENT2,0.2306122449,0.741266854,,CENT2,Lobule II,108,0.3076923077,0.2640650589,-0.3433566434,0.05694305694,0.2074937507,-0.3433566434
CENT3,,,,,,,,,,,5.80E-04,3.13E-03,,0.095890411,7.26E-03,0.303796205,,,,CENT3,0.3267326733,0.7565882097,,CENT3,Lobule III,120,0.8881118881,0.2642313544,-0.4,0.985014985,0.2346449303,-0.3727272727
CL,,,,,,,,,,,-7.84E-05,6.04E-04,,,,,,,,CL,0.3,0.7290333618,,CL,Central lateral nucleus of the thalamus,,,,,,,
CLA,,,,,,,,,,,4.71E-04,2.78E-03,,,,,,,,CLA,0.1945945946,0.6750455845,,CLA,Claustrum,,,,,,,
CLI,,,,,,,,,,,1.27E-04,2.60E-03,,,,,,,,CLI,0.3333333333,0.7692082502,,CLI,Central linear nucleus raphe,,,,,,,
CM,,,,,,,,,,,2.94E-04,1.69E-03,,,,,,,,CM,0.2685714286,0.7184191617,,CM,Central medial nucleus of the thalamus,,,,,,,
COAa,,,,,,,,,,,9.35E-05,7.85E-04,,,,,,,,COAa,0.2222222222,0.7115635396,,COAa,Cortical amygdalar area anterior part,,,,,,,
COAp,3.48E-01,FALSE,3,20,0.08849641205,0.5547848274,0,,0.529449481,,1.06E-03,2.84E-03,,0.083333333,0.034470954,0.187973547,,,,COAp,0.2967032967,0.7195850058,,COAp,Cortical amygdalar area posterior part,,,,,,,
COPY,0.01368695359,TRUE,2,14.5,0.03870251165,0.5655614626,0.5,0.6042639742,0.5148197644,,2.83E-04,1.86E-03,,0.172413793,7.07E-02,0.363171064,,,,COPY,0.2490566038,0.7071517343,,COPY,Copula pyramidis,,,,,,,
CP,1.08E-02,TRUE,37,42.94594595,0.05579262382,0.5828553595,0.1081081081,0.6600313981,0.5637527037,,3.19E-04,2.14E-03,,0.08535109,0.052844707,0.091512829,,,,CP,0.292414753,0.7439227043,,CP,Caudoputamen,1736,0.6593406593,0.05503655312,-0.3328671329,0.5954045954,0.0369227858,-0.3811188811
CS,0.3334349048,FALSE,2,16.5,0.01915330409,0.5825267218,0,,0.5638370141,,3.90E-04,1.99E-03,,0,0,1,,,,CS,0.3827586207,0.8126340423,,CS,Superior central nucleus raphe,,,,,,,
CU,,,,,,,,,,,NaN,NaN,,,,,,,,CU,,,,CU,Cuneate nucleus,,,,,,,
CUL4 5,1.36E-01,FALSE,7,33.71428571,0.09479971342,0.5585054945,0.1428571429,0.7941913773,0.5377675489,,1.97E-04,2.49E-03,,0.028571429,0.013630528,0.058911436,,,,CUL4 5,0.2438818565,0.6949695546,,CUL4 5,Lobules IV-V,299,0.1418581419,0.138565503,-0.4,0.4355644356,0.1659544378,-0.4
CUN,,,,,,,,,,,2.61E-04,3.07E-03,,,,,,,,CUN,0.3470588235,0.781678995,,CUN,Cuneiform nucleus,,,,,,,
DCO,0.5037192923,FALSE,2,15,0.0004682577966,0.5842602822,0,,0.5754631381,,8.84E-04,4.24E-03,,0.033333333,0.004288633,0.216343652,,,,DCO,0.3043478261,0.7597014666,,DCO,Dorsal cochlear nucleus,,,,,,,
DEC,,,,,,,,,,,7.94E-04,2.98E-03,,,,,,,,DEC,0.2444444444,0.6829008649,,DEC,Declive (VI),,,,,,,
DG,6.96E-01,FALSE,15,18.8,0.03734724048,0.5258913712,0.06666666667,0.6025550867,0.5516955499,,3.04E-03,3.30E-03,,0.015151515,0.005672459,0.039836101,,,,DG,0.2466981132,0.7337389372,,DG,Dentate gyrus,565,0.6223776224,0.1295328668,-0.293006993,0.8511488511,0.07155652117,-0.3601398601
DMH,,,,,,,,,,,1.39E-04,6.32E-04,,,,,,,,DMH,0.4142857143,0.8071171942,,DMH,Dorsomedial nucleus of the hypothalamus,,,,,,,
DMX,,,,,,,,,,,NaN,NaN,,,,,,,,DMX,,,,DMX,Dorsal motor nucleus of the vagus nerve,,,,,,,
DN,,,,,,,,,,,-4.97E-04,1.21E-03,,,,,,,,DN,0.2,0.732565638,,DN,Dentate nucleus,,,,,,,
DP,6.61E-01,FALSE,7,24.57142857,0.03485126672,0.5328339641,0,,0.5421452351,,1.48E-04,1.35E-03,,0.028409091,0.011801431,0.066807984,,,,DP,0.2,0.6859974539,,DP,Dorsal peduncular area,198,0.6653346653,0.1566291914,-0.3979020979,0.6943056943,0.08096494959,-0.4
DR,,,,,,,,,,,4.13E-04,1.16E-03,,,,,,,,DR,0.4111111111,0.8331869594,,DR,Dorsal nucleus raphe,,,,,,,
DT,,,,,,,,,,,2.24E-05,5.63E-04,,,,,,,,DT,0.3666666667,0.8027411843,,DT,Dorsal terminal nucleus of the accessory optic tract,,,,,,,
DTN,,,,,,,,,,,8.60E-04,2.59E-03,,,,,,,,DTN,0.2333333333,0.7445642049,,DTN,Dorsal tegmental nucleus,,,,,,,
ECT,0.249700008,FALSE,3,12,0.006928205327,0.5332899306,0,,0.5128343118,,7.78E-05,8.66E-04,,0.037037037,0.008983066,0.140299731,,,,ECT,0.256,0.7239824351,,ECT,Ectorhinal area,,,,,,,
ECU,,,,,,,,,,,-4.77E-05,1.31E-05,,,,,,,,ECU,0.06666666667,0.5963273453,,ECU,External cuneate nucleus,,,,,,,
ENTl,9.74E-01,FALSE,7,35.28571429,0.02789401655,0.5353565365,0,,0.5497063174,,2.56E-05,4.17E-04,,0.020242915,0.008413996,0.047898363,,,,ENTl,0.1569892473,0.678236645,,ENTl,Entorhinal area lateral part,265,0.9230769231,0.1245692798,-0.3958041958,0.986013986,0.04779303729,-0.3853146853
ENTm,2.14E-01,FALSE,5,36.4,0.04176637997,0.5797699344,0,,0.5508012821,,-5.35E-05,4.12E-04,,0.027472527,1.14E-02,0.064651229,,,,ENTm,0.1907407407,0.7011177645,,ENTm,Entorhinal area medial part dorsal zone,195,0.969030969,0.1644863039,-0.3622377622,0.8781218781,0.09226068326,-0.4
EPd,8.75E-01,FALSE,3,17,0.0141543755,0.4989282501,0,,0.5167659045,,1.65E-05,5.98E-04,,0.019607843,0.002623633,0.131989924,,,,EPd,0.1848484848,0.7001100829,,EPd,Endopiriform nucleus dorsal part,,,,,,,
EPv,0.05375835819,FALSE,2,22,0.02898838823,0.5711266725,0.5,0.6001150607,0.5357599274,,-5.44E-05,6.16E-04,,0.045454545,0.009808045,0.175671839,,,,EPv,0.15,0.6881536926,,EPv,Endopiriform nucleus ventral part,,,,,,,
Eth,3.01E-01,FALSE,9,19.11111111,0.02989847703,0.5590146835,0,,0.5462570437,,1.04E-03,3.42E-03,,0.023255814,0.00869463,0.06070964,,,,Eth,0.2407894737,0.734699023,,Eth,Ethmoid nucleus of the thalamus,205,0.5684315684,0.1748644779,-0.3895104895,0.1988011988,0.09254405386,-0.3874125874
EW,,,,,,,,,,,2.82E-05,2.82E-05,,,,,,,,EW,0,0.7318962076,,EW,Edinger-Westphal nucleus,,,,,,,
FC,,,,,,,,,,,2.89E-04,1.44E-03,,,,,,,,FC,0.25,0.7789421158,,FC,Fasciola cinerea,,,,,,,
FL,,,,,,,,,,,2.61E-04,1.45E-03,,,,,,,,FL,0.275,0.6723552894,,FL,Flocculus,,,,,,,
FN,,,,,,,,,,,2.79E-03,9.99E-03,,,,,,,,FN,0.5714285714,0.8941317365,,FN,Fastigial nucleus,,,,,,,
FOTU,,,,,,,,,,,5.26E-04,1.14E-03,,,,,,,,FOTU,0.12,0.6936686627,,FOTU,Folium-tuber vermis (VII),,,,,,,
FRP,0.9437975254,FALSE,2,15.5,0.0009037394746,0.5031903248,0,,0.5543174469,,3.56E-04,1.89E-03,,0.064516129,0.01525884,0.234858534,,,,FRP,0.245,0.7218283433,,FRP,Frontal pole cerebral cortex,,,,,,,
FS,,,,,,,,,,,1.13E-03,5.57E-03,,,,,,,,FS,0.3894736842,0.7875827293,,FS,Fundus of striatum,,,,,,,
GPe,0.384909015,FALSE,3,19.33333333,0.005732932963,0.5835223413,0,,0.5756822253,,9.77E-04,4.61E-03,,0.056818182,0.02355293,0.130773706,,,,GPe,0.356,0.7727728543,,GPe,Globus pallidus external segment,104,0.3166833167,0.3118729954,-0.4,0.4235764236,0.2496507115,-0.3979020979
GPi,,,,,,,,,,,6.96E-04,2.94E-03,,,,,,,,GPi,0.4823529412,0.8255066338,,GPi,Globus pallidus internal segment,,,,,,,
GR,,,,,,,,,,,NaN,NaN,,,,,,,,GR,,,,GR,Gracile nucleus,,,,,,,
GRN,1.28E-02,TRUE,4,15.5,0.0382397138,0.6527935506,0.25,0.6900034341,0.5985480769,,6.49E-04,5.51E-03,,0.129032258,0.068444972,0.214688845,,,,GRN,0.3469026549,0.7860152262,,GRN,Gigantocellular reticular nucleus,126,0.5414585415,0.2079942582,-0.3874125874,0.3456543457,0.1687438554,-0.3097902098
GU,,,,,,,,,,,1.49E-04,9.07E-04,,,,,,,,GU,0.2083333333,0.7595409182,,GU,Gustatory areas,,,,,,,
HATA,,,,,,,,,,,2.36E-04,1.94E-03,,,,,,,,HATA,0.2967741935,0.7612259352,,HATA,Hippocampo-amygdalar transition area,,,,,,,
I5,,,,,,,,,,,4.26E-03,1.37E-02,,,,,,,,I5,0.5142857143,0.8591388651,,I5,Intertrigeminal nucleus,,,,,,,
IA,,,,,,,,,,,-1.47E-04,6.10E-05,,,,,,,,IA,0.22,0.7153692615,,IA,Intercalated amygdalar nucleus,,,,,,,
IAD,,,,,,,,,,,-1.02E-04,2.50E-04,,,,,,,,IAD,0.07272727273,0.6233278897,,IAD,Interanterodorsal nucleus of the thalamus,,,,,,,
IAM,,,,,,,,,,,4.00E-05,5.06E-04,,,,,,,,IAM,0.1142857143,0.6038551468,,IAM,Interanteromedial nucleus of the thalamus,,,,,,,
IC,0.886690205,FALSE,3,13.33333333,0.02853080338,0.5408976834,0,,0.5854587099,,1.11E-04,1.69E-03,,0.019230769,0.002575851,0.129582503,,,,IC,0.30625,0.7414504325,,IC,Inferior colliculus,117,0.04595404595,0.431012589,-0.3475524476,0.02197802198,0.3945601569,-0.2762237762
ICB,,,,,,,,,,,1.62E-04,3.02E-03,,,,,,,,ICB,0.28,0.7216606786,,ICB,Infracerebellar nucleus,,,,,,,
IF,,,,,,,,,,,-2.03E-04,7.56E-04,,,,,,,,IF,0.32,0.78350499,,IF,Interfascicular nucleus raphe,,,,,,,
IG,,,,,,,,,,,-1.56E-03,3.89E-04,,,,,,,,IG,0.3,0.8083033932,,IG,Induseum griseum,,,,,,,
IGL,,,,,,,,,,,-3.45E-05,2.16E-04,,,,,,,,IGL,0.06666666667,0.6258860058,,IGL,Intergeniculate leaflet of the lateral geniculate complex,,,,,,,
III,,,,,,,,,,,2.49E-04,6.95E-04,,,,,,,,III,0.44,0.942259481,,III,Oculomotor nucleus,,,,,,,
ILA,2.76E-01,FALSE,7,32,0.04132189626,0.5824582726,0,,0.5753703704,,2.21E-04,1.45E-03,,0.03125,0.01490936,0.06433041,,,,ILA,0.2180555556,0.7138589488,,ILA,Infralimbic area,231,0.9360639361,0.1079980436,-0.3643356643,0.7692307692,0.06906532521,-0.379020979
IMD,,,,,,,,,,,NaN,NaN,,,,,,,,IMD,,,,IMD,Intermediodorsal nucleus of the thalamus,,,,,,,
IntG,,,,,,,,,,,4.53E-05,1.23E-04,,,,,,,,IntG,0.2,0.7486094478,,IntG,Intermediate geniculate nucleus,,,,,,,
IO,,,,,,,,,,,NaN,NaN,,,,,,,,IO,,,,IO,Inferior olivary complex,,,,,,,
IP,0.8615979034,FALSE,2,62.5,0.06187003887,0.5375402155,0,,0.5673685731,,8.82E-05,2.35E-03,,0.008,0.001104203,0.055564835,,,,IP,0.1527950311,0.6654234388,,IP,Interposed nucleus,174,0.6743256743,0.1978435941,-0.3916083916,0.7132867133,0.171915165,-0.379020979
IPN,,,,,,,,,,,-2.33E-04,-1.08E-04,,,,,,,,IPN,0,0.5193612774,,IPN,Interpeduncular nucleus,,,,,,,
IRN,7.33E-01,FALSE,5,13.2,0.04670492138,0.5408375139,0,,0.5699636653,,1.84E-05,4.34E-03,,0.060606061,0.022508043,0.153090764,,,,IRN,0.3751937984,0.7888266877,,IRN,Intermediate reticular nucleus,167,0.5044955045,0.1683305361,-0.4,0.1878121878,0.1439279914,-0.4
ISN,,,,,,,,,,,NaN,NaN,,,,,,,,ISN,,,,ISN,Inferior salivatory nucleus,,,,,,,
IV,,,,,,,,,,,NaN,NaN,,,,,,,,IV,,,,IV,Trochlear nucleus,,,,,,,
LA,,,,,,,,,,,-2.72E-05,3.48E-04,,,,,,,,LA,0.2066666667,0.6980013307,,LA,Lateral amygdalar nucleus,,,,,,,
LAV,,,,,,,,,,,3.98E-04,5.40E-03,,,,,,,,LAV,0.3285714286,0.7368919304,,LAV,Lateral vestibular nucleus,,,,,,,
LC,,,,,,,,,,,NaN,NaN,,,,,,,,LC,,,,LC,Locus ceruleus,,,,,,,
LD,1.28E-01,FALSE,6,24.5,0.05290963366,0.5989558819,0.3333333333,0.6108934478,0.5612577841,,1.64E-04,2.39E-03,,0.024096386,0.009007598,0.062857474,,,,LD,0.3170506912,0.7737619691,,LD,Lateral dorsal nucleus of thalamus,222,0.1048951049,0.231637307,-0.3874125874,0.2147852148,0.117278666,-0.3832167832
LDT,,,,,,,,,,,-7.18E-04,8.98E-04,,,,,,,,LDT,0.2,0.6859780439,,LDT,Laterodorsal tegmental nucleus,,,,,,,
LGd,8.27E-01,FALSE,10,21.4,0.0246952854,0.5363062243,0,,0.5344975105,,9.71E-05,9.87E-04,,0.028455285,0.013575081,0.058676066,,,,LGd,0.2150537634,0.7158297026,,LGd,Dorsal part of the lateral geniculate complex,294,0.998001998,0.1075166884,-0.3685314685,0.9110889111,0.0805205261,-0.3727272727
LGv,9.95E-01,FALSE,2,19,0.005475901196,0.4816631053,0,,0.5476838937,,-7.51E-05,5.93E-04,,0.026315789,0.003455561,0.174001791,,,,LGv,0.2869565217,0.7537620411,,LGv,Ventral part of the lateral geniculate complex,,,,,,,
LH,,,,,,,,,,,5.25E-05,7.47E-04,,,,,,,,LH,0.3529411765,0.7891276271,,LH,Lateral habenula,,,,,,,
LHA,0.8130309523,FALSE,2,17.5,0.004945975839,0.5077522156,0,,0.5222888132,,2.72E-05,1.13E-03,,0.028571429,0.003727532,0.187788165,,,,LHA,0.2337662338,0.6831396946,,LHA,Lateral hypothalamic area,,,,,,,
LIN,,,,,,,,,,,1.09E-03,2.25E-03,,,,,,,,LIN,0.5,0.7375648703,,LIN,Linear nucleus of the medulla,,,,,,,
LING,,,,,,,,,,,3.42E-04,1.12E-03,,,,,,,,LING,0.15,0.7524550898,,LING,Lingula (I),,,,,,,
LM,,,,,,,,,,,3.37E-04,1.01E-03,,,,,,,,LM,0.5333333333,0.8554357951,,LM,Lateral mammillary nucleus,,,,,,,
LP,5.37E-01,FALSE,32,25.84375,0.03383745778,0.542233477,0.03125,0.5980204546,0.5370690522,,2.85E-04,1.80E-03,,0.042475728,0.018038656,0.046809409,,,,LP,0.2437357631,0.72635067,,LP,Lateral posterior nucleus of the thalamus,963,0.5024975025,0.08059371265,-0.3979020979,0.3796203796,0.04785665037,-0.4
LPO,,,,,,,,,,,7.17E-04,3.58E-03,,,,,,,,LPO,0.3555555556,0.7091328454,,LPO,Lateral preoptic area,,,,,,,
LRN,,,,,,,,,,,-1.22E-04,5.23E-04,,,,,,,,LRN,0.175,0.6769860279,,LRN,Lateral reticular nucleus,,,,,,,
LSc,,,,,,,,,,,1.78E-04,8.79E-04,,,,,,,,LSc,0.358974359,0.78218742,,LSc,Lateral septal nucleus caudal (caudodorsal) part,,,,,,,
LSr,2.88E-01,FALSE,22,34.59090909,0.04401010219,0.5459728025,0.04545454545,0.5623002129,0.5333867304,,7.15E-05,8.59E-04,,0.044678055,0.026384456,0.062765875,,,,LSr,0.2818452381,0.7463392263,,LSr,Lateral septal nucleus rostral (rostroventral) part,775,0.2117882118,0.09267405787,-0.4,0.5814185814,0.05400521493,-0.3748251748
LSv,4.41E-01,FALSE,3,18.66666667,0.009748508011,0.5217869138,0,,0.5066395166,,2.03E-04,1.06E-03,,0.089285714,0.036914781,0.200488261,,,,LSv,0.2716981132,0.7499581968,,LSv,Lateral septal nucleus ventral part,106,0.7062937063,0.2214530651,-0.3223776224,0.9130869131,0.117015962,-0.4
LT,,,,,,,,,,,NaN,NaN,,,,,,,,LT,,,,LT,Lateral terminal nucleus of the accessory optic tract,,,,,,,
MA,,,,,,,,,,,3.23E-04,4.42E-03,,,,,,,,MA,0.3583333333,0.7933466401,,MA,Magnocellular nucleus,,,,,,,
MA3,,,,,,,,,,,NaN,NaN,,,,,,,,MA3,,,,MA3,Medial accesory oculomotor nucleus,,,,,,,
MARN,,,,,,,,,,,1.15E-03,5.89E-03,,,,,,,,MARN,0.4235294118,0.8140096278,,MARN,Magnocellular reticular nucleus,,,,,,,
MD,3.55E-01,FALSE,11,28.09090909,0.04527766788,0.5610811224,0.09090909091,0.6344803748,0.550810537,,9.53E-05,9.75E-04,,0.035598706,0.014881436,0.064055907,,,,MD,0.2429799427,0.732405447,,MD,Mediodorsal nucleus of thalamus,368,0.7822177822,0.1354160458,-0.3979020979,0.8081918082,0.07931806723,-0.3979020979
MDRN,0.939702012,FALSE,2,10,0.01554541154,0.5327614668,0,,0.5746641419,,1.65E-04,1.53E-03,,0.05,0.006109171,0.310658703,,,,MDRN,0.1391304348,0.6506534757,,MDRN,Medullary reticular nucleus,,,,,,,
MEA,2.11E-01,FALSE,4,23.75,0.0458084847,0.5378816799,0.25,0.6082957393,0.5258121766,,-8.88E-07,5.05E-04,,0.105263158,0.046249023,0.225404735,,,,MEA,0.1984615385,0.7307452787,,MEA,Medial amygdalar nucleus,139,0.06393606394,0.2815534075,-0.3769230769,0.6223776224,0.1025536943,-0.3832167832
MEPO,,,,,,,,,,,NaN,NaN,,,,,,,,MEPO,,,,MEPO,Median preoptic nucleus,,,,,,,
MG,3.43E-02,TRUE,7,18.71428571,0.06300276459,0.5623076923,0.2857142857,0.6613630705,0.558603352,,6.26E-05,1.12E-03,,0.083969466,0.046849119,0.14599659,,,,MG,0.1763157895,0.6875575165,,MG,Medial geniculate complex,165,0.6883116883,0.205325815,-0.313986014,0.9320679321,0.1290873508,-0.3559440559
MH,,,,,,,,,,,-8.33E-05,3.65E-04,,,,,,,,MH,0.175,0.7872854291,,MH,Medial habenula,,,,,,,
MM,,,,,,,,,,,-1.97E-04,-4.03E-05,,,,,,,,MM,0.1333333333,0.6896872921,,MM,Medial mammillary nucleus,,,,,,,
MOB,,,,,,,,,,,-3.69E-04,-2.59E-05,,,,,,,,MOB,0.1,0.6508982036,,MOB,Main olfactory bulb,,,,,,,
MOp,6.34E-05,TRUE,21,42.76190476,0.05726519942,0.630018797,0.1904761905,0.6820190069,0.593511413,,3.91E-04,2.30E-03,,0.055384615,0.034136995,0.07003188,,,,MOp,0.2781214204,0.7400318721,,MOp,Primary motor area,994,0.8411588412,0.07059199761,-0.3811188811,0.3296703297,0.04686922725,-0.3832167832
MOs,4.22E-02,TRUE,24,34.25,0.06457340622,0.6029911828,0.08333333333,0.649173261,0.588062051,,1.90E-04,1.42E-03,,0.06097561,0.043391802,0.079430824,,,,MOs,0.237480315,0.7174281359,,MOs,Secondary motor area,852,0.982017982,0.05480457011,-0.3832167832,0.7812187812,0.0340112459,-0.379020979
MPN,,,,,,,,,,,-8.90E-05,-8.90E-05,,,,,,,,MPN,0.2,0.6659481038,,MPN,Medial preoptic nucleus,,,,,,,
MPO,0.6128904134,FALSE,2,11.5,0.03193712904,0.5171865066,0,,0.5397255883,,1.16E-04,1.02E-03,,0.043478261,0.005423772,0.274768961,,,,MPO,0.15,0.707250499,,MPO,Medial preoptic area,,,,,,,
MPT,,,,,,,,,,,NaN,NaN,,,,,,,,MPT,,,,MPT,Medial pretectal area,,,,,,,
MRN,2.49E-01,FALSE,27,16.22222222,0.07152868031,0.5637146864,0.03703703704,0.7987625571,0.5639023705,,7.99E-04,4.42E-03,,0.06401766,0.033060577,0.082163052,,,,MRN,0.3539797395,0.7763641458,,MRN,Midbrain reticular nucleus,678,0.1268731269,0.120039284,-0.358041958,0.7062937063,0.09208230536,-0.3601398601
MS,6.48E-01,FALSE,3,13.66666667,0.02014033087,0.5272916667,0,,0.5434768314,,6.17E-04,3.32E-03,,0.048780488,0.011707873,0.181664306,,,,MS,0.4,0.8377507841,,MS,Medial septal nucleus,,,,,,,
MT,,,,,,,,,,,NaN,NaN,,,,,,,,MT,,,,MT,Medial terminal nucleus of the accessory optic tract,,,,,,,
MV,0.3883127764,FALSE,3,18,0.08880811434,0.4959030223,0,,0.5314243126,,1.47E-03,3.19E-03,,0.111111111,9.95E-05,0.482021373,,,,MV,0.3391304348,0.7641759958,,MV,Medial vestibular nucleus,125,0.1288711289,0.2868653741,-0.3979020979,0.01698301698,0.3185390545,-0.4
NB,,,,,,,,,,,-2.57E-04,2.21E-03,,,,,,,,NB,0.28,0.7055648703,,NB,Nucleus of the brachium of the inferior colliculus,,,,,,,
NDB,,,,,,,,,,,-1.27E-05,5.59E-04,,,,,,,,NDB,0.19,0.6979001996,,NDB,Diagonal band nucleus,,,,,,,
NI,,,,,,,,,,,4.80E-04,1.40E-03,,,,,,,,NI,0.26,0.7841437126,,NI,Nucleus incertus,,,,,,,
NLL,,,,,,,,,,,2.19E-05,1.49E-03,,,,,,,,NLL,0.2363636364,0.7193685357,,NLL,Nucleus of the lateral lemniscus,,,,,,,
NLOT,,,,,,,,,,,NaN,NaN,,,,,,,,NLOT,,,,NLOT,Nucleus of the lateral olfactory tract,,,,,,,
NOD,0.978944417,FALSE,2,13,0.002193591139,0.4909239494,0,,0.5284615846,,-5.60E-05,1.77E-04,,0,0,1,,,,NOD,0.1272727273,0.7144377911,,NOD,Nodulus (X),,,,,,,
NOT,,,,,,,,,,,4.06E-04,1.80E-03,,,,,,,,NOT,0.3714285714,0.8217964072,,NOT,Nucleus of the optic tract,,,,,,,
NPC,,,,,,,,,,,-1.15E-04,3.66E-03,,,,,,,,NPC,0.2888888889,0.7409211207,,NPC,Nucleus of the posterior commissure,,,,,,,
NR,,,,,,,,,,,NaN,NaN,,,,,,,,NR,,,,NR,Nucleus of Roller,,,,,,,
NTB,,,,,,,,,,,NaN,NaN,,,,,,,,NTB,,,,NTB,Nucleus of the trapezoid body,,,,,,,
NTS,,,,,,,,,,,8.35E-05,2.38E-03,,,,,,,,NTS,0.38,0.7462994012,,NTS,Nucleus of the solitary tract,,,,,,,
OP,,,,,,,,,,,1.52E-05,1.10E-03,,,,,,,,OP,0.3375,0.8058582834,,OP,Olivary pretectal nucleus,,,,,,,
ORBl,8.38E-01,FALSE,6,23,0.0234665982,0.5735414665,0,,0.5781545679,,-5.25E-06,9.42E-04,,0.050724638,0.006032226,0.135847526,,,,ORBl,0.2136752137,0.6989419452,,ORBl,Orbital area lateral part,140,0.9330669331,0.1746138117,-0.3874125874,0.8001998002,0.1236661911,-0.4
ORBm,4.17E-01,FALSE,3,48.33333333,0.0822485678,0.5359308617,0,,0.5596014971,,3.59E-04,1.87E-03,,0.034682081,0.015574792,0.07543413,,,,ORBm,0.2519774011,0.7171640899,,ORBm,Orbital area medial part,202,0.978021978,0.1397061432,-0.3874125874,0.6343656344,0.110332777,-0.2573426573
ORBv,,,,,,,,,,,NaN,NaN,,,,,,,,ORBv,,,,ORBv,Orbital area ventral part,,,,,,,
ORBvl,1.20E-02,TRUE,5,75.2,0.04385555799,0.6170539551,0.2,0.6902826855,0.5642746064,,1.94E-04,1.68E-03,,0.069148936,0.047447182,0.099737486,,,,ORBvl,0.1674208145,0.6897896515,,ORBvl,Orbital area ventrolateral part,384,0.3646353646,0.1119903898,-0.4,0.3706293706,0.05901056777,-0.4
OT,0.1427548168,FALSE,2,10,0.01032651482,0.5451599695,0,,0.514704743,,1.97E-04,1.33E-03,,0.027777778,0.003632289,0.182956662,,,,OT,0.28,0.7577708583,,OT,Olfactory tubercle,,,,,,,
P5,,,,,,,,,,,3.76E-03,5.36E-03,,,,,,,,P5,0.7,0.9686227545,,P5,Peritrigeminal zone,,,,,,,
PA,2.79E-01,FALSE,3,19,0.04922066635,0.6258349146,0,,0.5680266101,,2.05E-04,1.45E-03,,0.122807018,0.038847373,0.263874487,,,,PA,0.2461538462,0.7251711961,,PA,Posterior amygdalar nucleus,,,,,,,
Pa4,,,,,,,,,,,-4.58E-05,-4.58E-05,,,,,,,,Pa4,0,0.5498602794,,Pa4,Paratrochlear nucleus,,,,,,,
Pa5,,,,,,,,,,,NaN,NaN,,,,,,,,Pa5,,,,Pa5,Paratrigeminal nucleus,,,,,,,
PAA,0.8539964613,FALSE,2,22,0.005544996736,0.5185997097,0,,0.53358263,,-1.90E-05,3.30E-04,,0.045454545,0.010942512,0.170095897,,,,PAA,0.08461538462,0.6285551973,,PAA,Piriform-amygdalar area,,,,,,,
PAG,1.34E-03,TRUE,10,15.1,0.04844684985,0.6071398787,0.3,0.6011574074,0.5551379544,,2.64E-04,2.69E-03,,0.102941176,0.061628123,0.167019534,,,,PAG,0.2945454545,0.7455743059,,PAG,Periaqueductal gray,243,0.955044955,0.1398082122,-0.3916083916,0.987012987,0.09954953408,-0.3916083916
PAR,0.3835299916,FALSE,5,13.8,0.01509922485,0.5402178467,0,,0.5393699758,,-1.82E-05,4.45E-04,,0.014492754,0.001966374,0.098907775,,,,PAR,0.2151515152,0.7236605577,,PAR,Parasubiculum,,,,,,,
PARN,0.146074599,FALSE,3,12.66666667,0.07654728792,0.5850556043,0.3333333333,0.6920863309,0.5954994267,,5.60E-04,4.24E-03,,0.105263158,0.022452795,0.293461639,,,,PARN,0.3028571429,0.7459731965,,PARN,Parvicellular reticular nucleus,,,,,,,
PAS,,,,,,,,,,,NaN,NaN,,,,,,,,PAS,,,,PAS,Parasolitary nucleus,,,,,,,
PB,0.2356452316,FALSE,2,16,0.0297318726,0.637297786,0,,0.607329812,,4.43E-04,2.69E-03,,,,,,,,PB,0.2379746835,0.7076934738,,PB,Parabrachial nucleus,,,,,,,
PBG,,,,,,,,,,,-1.34E-03,1.56E-05,,,,,,,,PBG,0.2,0.6489078985,,PBG,Parabigeminal nucleus,,,,,,,
PC5,,,,,,,,,,,NaN,NaN,,,,,,,,PC5,,,,PC5,Parvicellular motor 5 nucleus,,,,,,,
PCG,,,,,,,,,,,-4.94E-05,2.30E-03,,,,,,,,PCG,0.2705882353,0.7576611483,,PCG,Pontine central gray,,,,,,,
PCN,,,,,,,,,,,3.89E-04,2.46E-03,,0.083333333,0.016046796,0.309903165,,,,PCN,0.3314285714,0.7857450813,,PCN,Paracentral nucleus,,,,,,,
PDTg,,,,,,,,,,,3.11E-04,2.00E-03,,,,,,,,PDTg,0.6,0.8697005988,,PDTg,Posterodorsal tegmental nucleus,,,,,,,
PeF,,,,,,,,,,,3.74E-04,1.49E-03,,,,,,,,PeF,0.32,0.7256846307,,PeF,Perifornical nucleus,,,,,,,
PERI,,,,,,,,,,,-3.50E-05,1.01E-04,,,,,,,,PERI,0.2,0.5184031936,,PERI,Perirhinal area,,,,,,,
PF,,,,,,,,,,,1.51E-03,8.20E-03,,,,,,,,PF,0.3183673469,0.7770532405,,PF,Parafascicular nucleus,,,,,,,
PFL,,,,,,,,,,,1.85E-05,4.59E-04,,,,,,,,PFL,0.2486486486,0.7251421481,,PFL,Paraflocculus,,,,,,,
PG,,,,,,,,,,,1.39E-03,1.39E-03,,,,,,,,PG,1,0.9976047904,,PG,Pontine gray,,,,,,,
PGRN,,,,,,,,,,,7.77E-04,3.60E-03,,,,,,,,PGRN,0.2142857143,0.7119817508,,PGRN,Paragigantocellular reticular nucleus,,,,,,,
PH,,,,,,,,,,,-2.97E-06,1.35E-04,,,,,,,,PH,0.2,0.6443379907,,PH,Posterior hypothalamic nucleus,,,,,,,
PIL,,,,,,,,,,,6.04E-04,2.81E-03,,,,,,,,PIL,0.2333333333,0.6903260146,,PIL,Posterior intralaminar thalamic nucleus,,,,,,,
PIR,1.45E-01,FALSE,10,32.3,0.01962605557,0.5484357495,0,,0.5329237624,,2.59E-05,7.77E-04,,0.06501548,0.042701017,0.097799605,,,,PIR,0.2230337079,0.7088501648,,PIR,Piriform area,387,0.1568431568,0.1350585317,-0.3979020979,0.5644355644,0.07277907403,-0.3958041958
PL,4.84E-02,TRUE,8,32.375,0.07834519772,0.5917714231,0.25,0.7257923223,0.5846055367,,7.33E-04,3.63E-03,,0.04743083,0.009234407,0.069307109,,,,PL,0.273015873,0.7424672348,,PL,Prelimbic area,289,0.08491508492,0.1556457427,-0.3979020979,0.5114885115,0.07867162232,-0.4
PMd,,,,,,,,,,,NaN,NaN,,,,,,,,PMd,,,,PMd,Dorsal premammillary nucleus,,,,,,,
PMR,,,,,,,,,,,NaN,NaN,,,,,,,,PMR,,,,PMR,Paramedian reticular nucleus,,,,,,,
PMv,,,,,,,,,,,NaN,NaN,,,,,,,,PMv,,,,PMv,Ventral premammillary nucleus,,,,,,,
PN,,,,,,,,,,,NaN,NaN,,,,,,,,PN,,,,PN,Paranigral nucleus,,,,,,,
PO,3.02E-01,FALSE,28,37.75,0.04561671413,0.5535393984,0.07142857143,0.6311981928,0.5407949013,,-1.01E-06,1.65E-03,,0.05075188,0.028128117,0.0591245,,,,PO,0.3190025795,0.7678259989,,PO,Posterior complex of the thalamus,1208,0.2527472527,0.08126249357,-0.3916083916,0.8421578422,0.05145255676,-0.3832167832
POL,1.83E-01,FALSE,4,15.25,0.0416249095,0.5288339925,0.25,0.5990673972,0.5389000425,,3.01E-04,1.93E-03,,0.056338028,0.020939565,0.142846858,,,,POL,0.3365853659,0.7672927316,,POL,Posterior limiting nucleus of the thalamus,,,,,,,
POST,9.42E-01,FALSE,3,12.33333333,0.01775143462,0.5242565284,0,,0.5407228561,,2.87E-04,1.51E-03,,,,,,,,POST,0.2966666667,0.7663552894,,POST,Postsubiculum,,,,,,,
PoT,7.40E-01,FALSE,4,18.5,0.02739697341,0.5525174757,0,,0.5676261541,,1.70E-04,1.70E-03,,0.064516129,0.001843143,0.15461527,,,,PoT,0.2582677165,0.7572527386,,PoT,Posterior triangular thalamic nucleus,136,0.6593406593,0.2456013024,-0.3538461538,0.3416583417,0.1666425488,-0.3601398601
PP,,,,,,,,,,,-6.94E-05,-6.94E-05,,,,,,,,PP,0,0.6776047904,,PP,Peripeduncular nucleus,,,,,,,
PPN,0.001886521279,TRUE,2,15,0.03045565934,0.6614920706,1,0.6614920706,0.581623027,,4.18E-04,2.88E-03,,0.133333333,0.048787337,0.315757533,,,,PPN,0.314893617,0.7579377415,,PPN,Pedunculopontine nucleus,,,,,,,
PPT,,,,,,,,,,,5.22E-04,3.20E-03,,,,,,,,PPT,0.3125,0.7510379242,,PPT,Posterior pretectal nucleus,,,,,,,
PPY,,,,,,,,,,,NaN,NaN,,,,,,,,PPY,,,,PPY,Parapyramidal nucleus,,,,,,,
PR,,,,,,,,,,,4.39E-05,5.80E-04,,,,,,,,PR,0.2153846154,0.7145155842,,PR,Perireunensis nucleus,,,,,,,
PRE,6.08E-01,FALSE,2,20.5,0.02480431051,0.5333841922,0,,0.5371930444,,7.96E-05,8.58E-04,,0.024390244,0.003220278,0.162098473,,,,PRE,0.2311111111,0.6969332446,,PRE,Presubiculum,,,,,,,
PRM,0.7833088403,FALSE,2,31,0.01145753784,0.5757620689,0,,0.5964823352,,1.10E-04,2.12E-03,,0.054054054,0.020099121,0.137332251,,,,PRM,0.2015873016,0.7150080791,,PRM,Paramedian lobule,123,0.6213786214,0.2367525155,-0.379020979,0.8371628372,0.2062920881,-0.3748251748
PRNc,0.02448939824,TRUE,2,22,0.01337511039,0.5891236997,0.5,0.6024988101,0.5430703827,,-3.99E-05,4.79E-03,,0.090909091,0.033564447,0.223562921,,,,PRNc,0.5655172414,0.8564856494,,PRNc,Pontine reticular nucleus caudal part,,,,,,,
PRNr,3.36E-01,FALSE,7,19.57142857,0.06173881778,0.6399689804,0,,0.5958738137,,7.28E-04,3.15E-03,,0.04379562,0.016831545,0.097654301,,,,PRNr,0.3343283582,0.7634271755,,PRNr,Pontine reticular nucleus,140,0.963036963,0.1627388385,-0.3916083916,0.6533466533,0.1474881915,-0.3748251748
ProS,0.7227348005,FALSE,6,25.16666667,0.01729619989,0.5579483902,0,,0.5565518076,,3.83E-04,2.19E-03,,0.022857143,0.00854616,0.059689829,,,,ProS,0.2538461538,0.716678438,,ProS,Prosubiculum,198,0.5744255744,0.1510473009,-0.3727272727,0.9370629371,0.08284261575,-0.3412587413
PRP,,,,,,,,,,,4.47E-04,1.40E-03,,,,,,,,PRP,0.3142857143,0.7340176789,,PRP,Nucleus prepositus,,,,,,,
PS,,,,,,,,,,,-2.36E-04,6.58E-04,,,,,,,,PS,0.1454545455,0.6933260751,,PS,Parastrial nucleus,,,,,,,
PSTN,,,,,,,,,,,NaN,NaN,,,,,,,,PSTN,,,,PSTN,Parasubthalamic nucleus,,,,,,,
PSV,,,,,,,,,,,7.77E-04,3.39E-03,,,,,,,,PSV,0.4146341463,0.7944520715,,PSV,Principal sensory nucleus of the trigeminal,,,,,,,
PT,,,,,,,,,,,1.17E-04,1.17E-04,,,,,,,,PT,0.2,0.8356886228,,PT,Parataenial nucleus,,,,,,,
PVa,,,,,,,,,,,NaN,NaN,,,,,,,,PVa,,,,PVa,Periventricular hypothalamic nucleus anterior part,,,,,,,
PVH,,,,,,,,,,,1.20E-03,2.32E-03,,,,,,,,PVH,0.6666666667,0.9114836993,,PVH,Paraventricular hypothalamic nucleus,,,,,,,
PVHd,,,,,,,,,,,1.21E-04,1.75E-04,,,,,,,,PVHd,0.2666666667,0.8188157019,,PVHd,Paraventricular hypothalamic nucleus descending division,,,,,,,
PVi,,,,,,,,,,,NaN,NaN,,,,,,,,PVi,,,,PVi,Periventricular hypothalamic nucleus intermediate part,,,,,,,
PVp,,,,,,,,,,,NaN,NaN,,,,,,,,PVp,,,,PVp,Periventricular hypothalamic nucleus posterior part,,,,,,,
PVpo,,,,,,,,,,,NaN,NaN,,,,,,,,PVpo,,,,PVpo,Periventricular hypothalamic nucleus preoptic part,,,,,,,
PVT,0.7728000495,FALSE,4,14.75,0.008049315604,0.5264621464,0,,0.5347828684,,6.37E-05,6.91E-04,,0.050847458,0.016095587,0.149250066,,,,PVT,0.1904761905,0.7044843646,,PVT,Paraventricular nucleus of the thalamus,,,,,,,
PYR,,,,,,,,,,,3.04E-04,3.22E-03,,,,,,,,PYR,0.25,0.8555888224,,PYR,Pyramus (VIII),,,,,,,
RCH,,,,,,,,,,,NaN,NaN,,,,,,,,RCH,,,,RCH,Retrochiasmatic area,,,,,,,
RE,,,,,,,,,,,5.08E-05,1.59E-04,,,,,,,,RE,0.1333333333,0.6414637392,,RE,Nucleus of reuniens,,,,,,,
RH,,,,,,,,,,,-2.48E-04,3.14E-06,,,,,,,,RH,0,0.6244311377,,RH,Rhomboid nucleus,,,,,,,
RL,,,,,,,,,,,-2.94E-04,5.13E-04,,,,,,,,RL,0.35,0.7613972056,,RL,Rostral linear nucleus raphe,,,,,,,
RM,,,,,,,,,,,NaN,NaN,,,,,,,,RM,,,,RM,Nucleus raphe magnus,,,,,,,
RN,2.21E-01,FALSE,4,15.5,0.0630622977,0.5966777842,0.25,0.6692191781,0.5800998344,,9.54E-04,4.14E-03,,0.054794521,2.70E-03,0.166377526,,,,RN,0.3150943396,0.7753956238,,RN,Red nucleus,,,,,,,
RO,,,,,,,,,,,-6.26E-05,-6.26E-05,,,,,,,,RO,0,0.554491018,,RO,Nucleus raphe obscurus,,,,,,,
RPA,,,,,,,,,,,NaN,NaN,,,,,,,,RPA,,,,RPA,Nucleus raphe pallidus,,,,,,,
RPF,,,,,,,,,,,1.32E-03,7.51E-03,,,,,,,,RPF,0.3,0.8044311377,,RPF,Retroparafascicular nucleus,,,,,,,
RPO,,,,,,,,,,,NaN,NaN,,,,,,,,RPO,,,,RPO,Nucleus raphe pontis,,,,,,,
RR,,,,,,,,,,,3.10E-04,1.06E-03,,,,,,,,RR,0.2666666667,0.7080638723,,RR,Midbrain reticular nucleus retrorubral area,,,,,,,
RSPagl,1.86E-01,FALSE,6,22.66666667,0.03524030329,0.5827596635,0,,0.5651065064,,1.84E-04,1.04E-03,,0.058823529,0.029502665,0.113865637,,,,RSPagl,0.1722222222,0.6632623642,,RSPagl,Retrosplenial area lateral agranular part,172,0.1088911089,0.1970185535,-0.379020979,0.05094905095,0.1023058439,-0.3202797203
RSPd,0.7996639477,FALSE,6,18.16666667,0.03777771824,0.570894833,0,,0.5666225545,,6.53E-04,3.37E-03,,0.041237113,0.015368964,0.105959524,,,,RSPd,0.2074074074,0.7291924792,,RSPd,Retrosplenial area dorsal part,168,0.8641358641,0.1563120216,-0.3895104895,0.7952047952,0.09409614377,-0.3916083916
RSPv,9.22E-01,FALSE,7,19.71428571,0.02805695363,0.5470610556,0,,0.5584136933,,2.73E-04,1.20E-03,,0.051428571,1.14E-02,0.088492253,,,,RSPv,0.2178217822,0.7080018181,,RSPv,Retrosplenial area ventral part,228,0.9320679321,0.1333025709,-0.3643356643,0.9210789211,0.1060334023,-0.3643356643
RT,5.40E-01,FALSE,3,12.33333333,0.01835221291,0.5209409341,0,,0.516557377,,4.10E-04,2.55E-03,,0.027027027,0.003541744,0.178367101,,,,RT,0.2869955157,0.7417992714,,RT,Reticular nucleus of the thalamus,102,0.2307692308,0.2766359191,-0.3895104895,0.7932067932,0.1778137531,-0.3622377622
SAG,,,,,,,,,,,1.84E-04,1.04E-03,,,,,,,,SAG,0.3,0.7271656687,,SAG,Nucleus sagulum,,,,,,,
SBPV,,,,,,,,,,,NaN,NaN,,,,,,,,SBPV,,,,SBPV,Subparaventricular zone,,,,,,,
SCH,,,,,,,,,,,NaN,NaN,,,,,,,,SCH,,,,SCH,Suprachiasmatic nucleus,,,,,,,
SCm,4.81E-03,TRUE,22,20,0.04507866869,0.5842743091,0.1818181818,0.6305424195,0.5579589715,,5.91E-04,3.20E-03,,0.084632517,0.055847247,0.112398408,,,,SCm,0.3555984556,0.7702183278,,SCm,Superior colliculus motor related,522,0.4305694306,0.1318823983,-0.3706293706,0.8171828172,0.0858270226,-0.3706293706
SCs,,,,,,,,,,,1.39E-04,1.19E-03,,,,,,,,SCs,0.2517241379,0.7342336018,,SCs,Superior colliculus sensory related,,,,,,,
SF,,,,,,,,,,,-5.68E-07,4.11E-04,,,,,,,,SF,0.3023255814,0.7070268765,,SF,Septofimbrial nucleus,,,,,,,
SFO,,,,,,,,,,,NaN,NaN,,,,,,,,SFO,,,,SFO,Subfornical organ,,,,,,,
SG,,,,,,,,,,,NaN,NaN,,,,,,,,SG,,,,SG,Supragenual nucleus,,,,,,,
SGN,0.1054714884,FALSE,5,12.8,0.04755292995,0.5846673597,0,,0.528617126,,1.49E-04,1.21E-03,,0.046875,0.008808058,0.143554291,,,,SGN,0.269047619,0.741946583,,SGN,Suprageniculate nucleus,,,,,,,
SH,,,,,,,,,,,1.58E-04,3.32E-04,,,,,,,,SH,0.1,0.750738523,,SH,Septohippocampal nucleus,,,,,,,
SI,6.78E-01,FALSE,5,12.8,0.03488229019,0.5306637168,0,,0.54914422,,2.01E-04,2.35E-03,,0.015625,0.002113546,0.106310269,,,,SI,0.3333333333,0.7753132495,,SI,Substantia innominata,132,0.9210789211,0.2376738843,-0.3958041958,0.958041958,0.1455633323,-0.3769230769
SIM,2.25E-01,FALSE,5,29.4,0.04868498696,0.5299107143,0.2,0.6225203252,0.5683890666,,1.51E-04,2.50E-03,,0.023391813,0.008745272,0.061057364,,,,SIM,0.2543478261,0.7462683329,,SIM,Simple lobule,204,0.5904095904,0.1683722054,-0.3958041958,0.7132867133,0.1479667843,-0.3622377622
SLC,,,,,,,,,,,NaN,NaN,,,,,,,,SLC,,,,SLC,Subceruleus nucleus,,,,,,,
SLD,,,,,,,,,,,NaN,NaN,,,,,,,,SLD,,,,SLD,Sublaterodorsal nucleus,,,,,,,
SMT,8.38E-01,FALSE,2,25,0.01881845661,0.5094357659,0,,0.5305841795,,8.93E-05,9.52E-04,,,,,,,,SMT,0.2608695652,0.7394590529,,SMT,Submedial nucleus of the thalamus,,,,,,,
SNc,,,,,,,,,,,7.79E-04,2.61E-03,,,,,,,,SNc,0.3866666667,0.7473107119,,SNc,Substantia nigra compact part,,,,,,,
SNr,,,,,,,,,,,6.95E-04,5.38E-03,,,,,,,,SNr,0.3636363636,0.7467211032,,SNr,Substantia nigra reticular part,,,,,,,
SO,,,,,,,,,,,NaN,NaN,,,,,,,,SO,,,,SO,Supraoptic nucleus,,,,,,,
SOC,,,,,,,,,,,8.58E-04,2.32E-03,,,,,,,,SOC,0.44,0.8073612774,,SOC,Superior olivary complex,,,,,,,
SPA,,,,,,,,,,,8.38E-07,9.80E-05,,,,,,,,SPA,0.2888888889,0.7404479929,,SPA,Subparafascicular area,,,,,,,
SPF,,,,,,,,,,,7.81E-04,3.37E-03,,,,,,,,SPF,0.2380952381,0.7007736907,,SPF,Subparafascicular nucleus,,,,,,,
SPIV,,,,,,,,,,,4.35E-04,3.97E-03,,,,,,,,SPIV,0.3666666667,0.7439121756,,SPIV,Spinal vestibular nucleus,,,,,,,
SPVC,,,,,,,,,,,-3.55E-04,2.95E-04,,,,,,,,SPVC,0.1777777778,0.6201197605,,SPVC,Spinal nucleus of the trigeminal caudal part,,,,,,,
SPVI,0.4990185225,FALSE,3,11.33333333,0.03348157357,0.5549635701,0,,0.547005772,,4.38E-04,1.35E-03,,0.176470588,0.079022151,0.348603735,,,,SPVI,0.3482758621,0.7793433822,,SPVI,Spinal nucleus of the trigeminal interpolar part,,,,,,,
SPVO,,,,,,,,,,,3.92E-04,2.07E-03,,,,,,,,SPVO,0.3285714286,0.8118220701,,SPVO,Spinal nucleus of the trigeminal oral part,,,,,,,
SSp-bfd,1.23E-01,FALSE,9,22.44444444,0.04054996344,0.5765141914,0.1111111111,0.6730832165,0.5635193211,,1.25E-04,1.24E-03,,0.061320755,0.035823745,0.103025789,,,,SSp-bfd,0.2192592593,0.710148296,,SSp-bfd,Primary somatosensory area barrel field,264,0.8501498501,0.1594707146,-0.3979020979,0.5044955045,0.1121836414,-0.293006993
SSp-ll,0.05594270642,FALSE,3,28.66666667,0.01362289019,0.6243596954,0,,0.5704371758,,6.24E-04,2.68E-03,,0.069767442,0.029006005,0.157842744,,,,SSp-ll,0.374,0.7690506986,,SSp-ll,Primary somatosensory area lower limb,104,0.4305694306,0.2112757782,-0.3916083916,0.5424575425,0.1025701174,-0.3706293706
SSp-m,6.54E-01,FALSE,6,24.33333333,0.05866825406,0.5562839868,0,,0.5615468759,,5.76E-04,4.03E-03,,0.061643836,0.000805222,0.123313838,,,,SSp-m,0.3430555556,0.7699988911,,SSp-m,Primary somatosensory area mouth,156,0.7002997003,0.2236532741,-0.3958041958,0.8071928072,0.1275720409,-0.3916083916
SSp-n,0.06673104277,FALSE,2,13,0.05516913976,0.626911564,0.5,0.6820807038,0.5659346703,,4.08E-04,2.96E-03,,0.192307692,0.078714802,0.39885682,,,,SSp-n,0.3185185185,0.7253197309,,SSp-n,Primary somatosensory area nose,,,,,,,
SSp-tr,8.60E-02,FALSE,5,23.6,0.0479781869,0.6016872776,0.2,0.6646915584,0.5764497967,,7.87E-04,6.15E-03,,0.039735099,0.017842741,0.086132884,,,,SSp-tr,0.3371794872,0.7783714622,,SSp-tr,Primary somatosensory area trunk,174,0.6503496503,0.2212801326,-0.3832167832,0.7342657343,0.1551180881,-0.3811188811
SSp-ul,7.68E-02,FALSE,4,23.5,0.05777239269,0.6030555305,0.25,0.6829375075,0.5837491979,,6.89E-04,4.47E-03,,0.106382979,0.010679464,0.241120998,,,,SSp-ul,0.3111111111,0.7401777641,,SSp-ul,Primary somatosensory area upper limb,126,0.7892107892,0.2144132105,-0.3811188811,0.9130869131,0.09184339593,-0.3895104895
SSp-un,,,,,,,,,,,9.59E-04,5.00E-03,,,,,,,,SSp-un,0.3575757576,0.7882441178,,SSp-un,Primary somatosensory area unassigned,,,,,,,
SSs,1.60E-01,FALSE,5,41.6,0.04813759387,0.5804604486,0,,0.5620626061,,1.39E-04,1.29E-03,,0.067264574,0.040841785,0.108841911,,,,SSs,0.2759493671,0.7441926274,,SSs,Supplemental somatosensory area,235,0.5344655345,0.1248849013,-0.3853146853,0.6133866134,0.08529091206,-0.3454545455
STN,,,,,,,,,,,1.27E-04,3.69E-04,,,,,,,,STN,0.3,0.7153692615,,STN,Subthalamic nucleus,,,,,,,
SUB,6.07E-01,FALSE,6,44.33333333,0.02697902134,0.5459740753,0,,0.5643558673,,1.77E-04,9.38E-04,,0.026119403,0.01246,0.053935235,,,,SUB,0.2550898204,0.7351519715,,SUB,Subiculum,348,0.5754245754,0.1503595907,-0.3958041958,0.4295704296,0.09268565491,-0.4
SubG,,,,,,,,,,,NaN,NaN,,,,,,,,SubG,,,,SubG,Subgeniculate nucleus,,,,,,,
SUM,,,,,,,,,,,4.19E-04,4.19E-04,,,,,,,,SUM,1,0.9972854291,,SUM,Supramammillary nucleus,,,,,,,
SUT,,,,,,,,,,,-4.65E-04,2.06E-03,,,,,,,,SUT,0.4428571429,0.8570858283,,SUT,Supratrigeminal nucleus,,,,,,,
SUV,,,,,,,,,,,-3.21E-04,3.88E-03,,,,,,,,SUV,0.4071428571,0.761283148,,SUV,Superior vestibular nucleus,,,,,,,
TEa,2.45E-01,FALSE,5,26,0.03201806077,0.5728396962,0,,0.5733753316,,1.90E-04,7.89E-04,,0.061538462,0.030868497,0.118941249,,,,TEa,0.227027027,0.7300231968,,TEa,Temporal association areas,141,0.984015984,0.1283192306,-0.3727272727,0.2667332667,0.0814890782,-0.4
TM,,,,,,,,,,,NaN,NaN,,,,,,,,TM,,,,TM,Tuberomammillary nucleus,,,,,,,
TR,,,,,,,,,,,2.53E-05,3.59E-04,,,,,,,,TR,0.14375,0.6755239521,,TR,Postpiriform transition area,,,,,,,
TRN,,,,,,,,,,,5.12E-04,3.25E-03,,,,,,,,TRN,0.3821428571,0.7877159966,,TRN,Tegmental reticular nucleus,,,,,,,
TRS,,,,,,,,,,,2.68E-04,1.35E-03,,,,,,,,TRS,0.3555555556,0.739906853,,TRS,Triangular nucleus of septum,,,,,,,
TTd,6.47E-01,FALSE,7,24.85714286,0.04421145138,0.5401933702,0,,0.5326244523,,2.06E-04,1.19E-03,,0.040229885,0.019197827,0.082368436,,,,TTd,0.2720588235,0.7432358812,,TTd,Taenia tecta dorsal part,189,0.0999000999,0.1976261884,-0.4,0.6883116883,0.1039870182,-0.4
TTv,,,,,,,,,,,NaN,NaN,,,,,,,,TTv,,,,TTv,Taenia tecta ventral part,,,,,,,
TU,,,,,,,,,,,5.20E-04,1.58E-03,,,,,,,,TU,0.525,0.8550898204,,TU,Tuberal nucleus,,,,,,,
UVU,,,,,,,,,,,8.89E-04,1.90E-03,,,,,,,,UVU,0.2333333333,0.7894876913,,UVU,Uvula (IX),,,,,,,
V,,,,,,,,,,,2.01E-04,5.38E-03,,,,,,,,V,0.3155555556,0.7467819916,,V,Motor nucleus of trigeminal,,,,,,,
VAL,1.37E-01,FALSE,4,16.25,0.006658167121,0.5728815669,0,,0.5520791075,,3.13E-04,1.33E-03,,0.086956522,0.047111875,0.155017473,,,,VAL,0.3258064516,0.7675899813,,VAL,Ventral anterior-lateral complex of the thalamus,126,0.8211788212,0.2304206614,-0.3916083916,0.5594405594,0.1726029042,-0.3916083916
VCO,,,,,,,,,,,2.13E-03,8.41E-03,,,,,,,,VCO,0.52,0.877493014,,VCO,Ventral cochlear nucleus,,,,,,,
VeCB,,,,,,,,,,,1.84E-04,2.10E-03,,,,,,,,VeCB,0.5,0.8227944112,,VeCB,Vestibulocerebellar nucleus,,,,,,,
VI,,,,,,,,,,,NaN,NaN,,,,,,,,VI,,,,VI,Abducens nucleus,,,,,,,
VII,,,,,,,,,,,7.98E-04,3.60E-03,,,,,,,,VII,0.7333333333,0.9196540253,,VII,Facial motor nucleus,,,,,,,
VISa,9.90E-01,FALSE,23,24.60869565,0.04124010396,0.5624542928,0,,0.570299187,,4.09E-04,2.31E-03,,0.024137931,0.003803473,0.025357176,,,,VISa,0.2510158014,0.7302727277,,VISa,Anterior area,615,0.8291708292,0.09127965982,-0.3916083916,0.7462537463,0.05237804361,-0.3202797203
VISal,,,,,,,,,,,4.37E-04,2.37E-03,,,,,,,,VISal,0.1517241379,0.679928419,,VISal,Anterolateral visual area,,,,,,,
VISam,2.01E-01,FALSE,8,23,0.05575375963,0.6069517073,0.25,0.6403422931,0.5837790219,,1.49E-04,1.58E-03,,0.027173913,0.006151683,0.061142433,,,,VISam,0.2,0.7072411275,,VISam,Anteromedial visual area,223,0.8561438561,0.1219796475,-0.3895104895,0.8351648352,0.05607667667,-0.3748251748
VISC,3.33E-02,TRUE,2,23,0.05873123186,0.6289966784,0.5,0.6877279102,0.5806693802,,8.64E-05,7.62E-04,,0.065217391,0.02052624,0.188488088,,,,VISC,0.2744186047,0.7446780857,,VISC,Visceral area,,,,,,,
VISl,0.9600326072,FALSE,3,20.66666667,0.009058223852,0.5029168347,0,,0.5291117713,,8.71E-04,6.19E-03,,0.010869565,0.001489059,0.07491039,,,,VISl,0.1872340426,0.6882048669,,VISl,Lateral visual area,,,,,,,
VISli,0.7949800814,FALSE,2,21.5,0.01813918965,0.5445292437,0,,0.5709068307,,-2.50E-06,3.08E-04,,0.026315789,0.00345556,0.174001789,,,,VISli,0.1803921569,0.7099542092,,VISli,Laterointermediate area,,,,,,,
VISp,2.27E-01,FALSE,14,25.28571429,0.04698671646,0.571741183,0,,0.5757696899,,4.64E-04,1.22E-03,,0.019774011,0.009431533,0.040988601,,,,VISp,0.2051948052,0.7084756783,,VISp,Primary visual area,393,0.8351648352,0.1297865006,-0.3811188811,0.1148851149,0.08006084417,-0.3811188811
VISpl,,,,,,,,,,,-5.62E-05,2.00E-04,,,,,,,,VISpl,0.1428571429,0.7274251497,,VISpl,Posterolateral visual area,,,,,,,
VISpm,0.2617735316,FALSE,3,30.66666667,0.0299445407,0.5641755959,0.3333333333,0.5918039095,0.5639723455,,5.13E-05,4.67E-04,,0.065217391,0.021252742,0.144598442,,,,VISpm,0.1961538462,0.6879656072,,VISpm,posteromedial visual area,115,0.1618381618,0.2360738063,-0.3706293706,0.5754245754,0.09809414137,-0.3706293706
VISpor,4.10E-01,FALSE,2,41,0.05205395146,0.5618118566,0,,0.5557380531,,3.95E-05,6.75E-04,,,,,,,,VISpor,0.2947368421,0.7142052737,,VISpor,Postrhinal area,,,,,,,
VISrl,7.32E-01,FALSE,2,21,0.06101974109,0.5637820882,0,,0.5742246494,,4.42E-04,1.82E-03,,0.119047619,0.049091225,0.261300105,,,,VISrl,0.2975609756,0.7929214741,,VISrl,Rostrolateral visual area,,,,,,,
VLPO,,,,,,,,,,,NaN,NaN,,,,,,,,VLPO,,,,VLPO,Ventrolateral preoptic nucleus,,,,,,,
VM,,,,,,,,,,,4.49E-03,3.60E-03,,0.090909091,0.017100188,0.335332062,,,,VM,0.4074074074,0.8176654099,,VM,Ventral medial nucleus of the thalamus,,,,,,,
VMH,,,,,,,,,,,-5.35E-05,-5.35E-05,,,,,,,,VMH,0,0.6737724551,,VMH,Ventromedial hypothalamic nucleus,,,,,,,
VMPO,,,,,,,,,,,NaN,NaN,,,,,,,,VMPO,,,,VMPO,Ventromedial preoptic nucleus,,,,,,,
VPL,9.72E-02,FALSE,6,22.66666667,0.01455766949,0.591767556,0,,0.5725250816,,2.59E-05,1.07E-03,,0.075,0.042897335,0.127916186,,,,VPL,0.2873786408,0.738887274,,VPL,Ventral posterolateral nucleus of the thalamus,203,0.1478521479,0.234761042,-0.3664335664,0.987012987,0.1033722295,-0.3832167832
VPLpc,,,,,,,,,,,1.62E-04,1.26E-03,,,,,,,,VPLpc,0.2368421053,0.6989935918,,VPLpc,Ventral posterolateral nucleus of the thalamus parvicellular part,,,,,,,
VPM,5.16E-03,TRUE,16,28.125,0.03874236317,0.5967606444,0.1875,0.6307144673,0.5597036196,,1.29E-04,1.92E-03,,0.065217391,0.035120728,0.08571731,,,,VPM,0.3333333333,0.7706682662,,VPM,Ventral posteromedial nucleus of the thalamus,569,0.3066933067,0.1350972712,-0.3769230769,0.7172827173,0.08970618282,-0.3769230769
VPMpc,,,,,,,,,,,2.28E-03,9.43E-03,,,,,,,,VPMpc,0.4,0.7859542454,,VPMpc,Ventral posteromedial nucleus of the thalamus parvicellular part,,,,,,,
VTA,,,,,,,,,,,-7.29E-04,-1.74E-04,,,,,,,,VTA,0.4,0.7070392548,,VTA,Ventral tegmental area,,,,,,,
VTN,,,,,,,,,,,7.02E-04,1.40E-03,,,,,,,,VTN,0.3333333333,0.8624617432,,VTN,Ventral tegmental nucleus,,,,,,,
x,,,,,,,,,,,1.12E-03,3.70E-03,,,,,,,,x,0.36,0.7567105788,,x,Nucleus x,,,,,,,
Xi,,,,,,,,,,,NaN,NaN,,,,,,,,Xi,,,,Xi,Xiphoid thalamic nucleus,,,,,,,
XII,,,,,,,,,,,4.32E-04,8.25E-04,,,,,,,,XII,0.6,0.8539986693,,XII,Hypoglossal nucleus,,,,,,,
y,,,,,,,,,,,3.38E-04,3.38E-04,,,,,,,,y,0.6,0.9888223553,,y,Nucleus y,,,,,,,
ZI,0.1545356513,FALSE,5,11,0.03714403818,0.5782785336,0,,0.5437908497,,8.53E-04,2.35E-03,,0.090909091,0.040788616,0.190392516,,,,ZI,0.3088495575,0.7494646106,,ZI,Zona incerta,174,0.7812187812,0.1674457041,-0.3937062937,0.8711288711,0.1208172158,-0.3937062937