region,combined_p-value,combined_sig,n_sessions,n_units_mean,values_std,values_median,frac_sig,values_median_sig,null_median_of_medians,,region,GLM Correct feedback mean delta R^2,GLM Incorrect feedback mean delta R^2,"GLM Difference of mean drsq, Corr - Incor",GLM 95th percentile of delta R^2 for correct feedback distribution,GLM 95th percentile of delta R^2 for incorect feedback distribution,GLM 95th percentile of delta delta R^2 for feedback corr - incorr,,[single-cell]Acronym,[single-cell] fraction of signifcant neurons,[single-cell] Lower CL of fraction ,[single-cell] Higher CL of fraction ,,acronym,name,nclus,p_var,amp_var,lat_var,p_euc,amp_euc,lat_euc
AAA,,,,,,,,,,,AAA,5.92E-03,2.63E-05,5.89E-03,2.62E-02,5.36E-04,2.62E-02,,FRP,0.592772913,0.389663075,0.768455304,,FRP,Frontal pole cerebral cortex,,,,,,,
ACAd,2.01E-09,TRUE,9,20.11111111,0.06657646872,0.6269301471,0.8888888889,0.6368277122,0.4967152333,,ACAd,4.24E-03,8.90E-04,3.35E-03,1.88E-02,6.11E-03,1.75E-02,,MOp,0.781850122,0.743570438,0.815830782,,MOp,Primary motor area,979,0.0004997501249,1.210065751,0.05070422535,0.0004997501249,0.9241257343,0.05070422535
ACAv,3.12E-04,TRUE,6,17.33333333,0.05483518278,0.5603198082,0.5,0.5756355559,0.4953294866,,ACAv,2.66E-03,4.24E-04,2.23E-03,1.77E-02,3.17E-03,1.77E-02,,MOs,0.715557616,0.653373277,0.770504609,,MOs,Secondary motor area,853,0.0004997501249,0.8554180648,0.07816901408,0.0004997501249,0.6556268014,0.06971830986
ACB,5.73E-13,TRUE,10,19.2,0.120942691,0.745876537,1,0.745876537,0.4949473203,,ACB,6.00E-03,4.08E-04,5.59E-03,2.90E-02,1.58E-03,2.88E-02,,SSp-n,0.785714304,0.631773624,0.886827064,,SSp-n,Primary somatosensory area nose,,,,,,,
Acs5,,,,,,,,,,,Acs5,NaN,NaN,NaN,NaN,NaN,NaN,,SSp-bfd,0.744208391,0.608467745,0.84488582,,SSp-bfd,Primary somatosensory area barrel field,264,0.0004997501249,0.5911529989,0.09084507042,0.0004997501249,0.3558611284,0.03169014085
AD,,,,,,,,,,,AD,NaN,NaN,NaN,NaN,NaN,NaN,,SSp-ll,0.891666667,0.821463317,0.936402174,,SSp-ll,Primary somatosensory area lower limb,,,,,,,
ADP,,,,,,,,,,,ADP,1.74E-03,8.46E-06,1.73E-03,2.74E-03,1.89E-05,2.74E-03,,SSp-m,0.758835735,0.645152998,0.844856106,,SSp-m,Primary somatosensory area mouth,150,0.0004997501249,0.7975969645,0.09084507042,0.0004997501249,0.9811798741,0.07183098592
AHN,,,,,,,,,,,AHN,2.58E-05,-1.02E-04,1.28E-04,2.79E-04,-4.59E-05,4.37E-04,,SSp-ul,0.8488104,0.721916262,0.92390421,,SSp-ul,Primary somatosensory area upper limb,126,0.0004997501249,1.423054609,0.1098591549,0.0004997501249,1.301674871,0.114084507
AId,4.86E-09,TRUE,6,24.5,0.1134519237,0.8259597787,1,0.8259597787,0.4965005024,,AId,7.89E-03,2.11E-03,5.78E-03,3.44E-02,3.92E-03,3.21E-02,,SSp-tr,0.830144816,0.746720913,0.890133786,,SSp-tr,Primary somatosensory area trunk,176,0.0004997501249,0.3588797821,0.01267605634,0.0004997501249,0.3408935459,0.01056338028
AIp,3.25E-05,TRUE,3,19.66666667,0.08444568127,0.7011612839,1,0.7011612839,0.497758406,,AIp,1.14E-02,1.18E-03,1.03E-02,6.36E-02,3.30E-03,6.13E-02,,SSp-un,,,,,SSp-un,Primary somatosensory area unassigned,,,,,,,
AIv,1.10E-03,TRUE,4,25.5,0.05704669549,0.5559620768,0.5,0.6162428217,0.4969547194,,AIv,8.96E-04,5.60E-06,8.90E-04,2.44E-03,4.73E-04,1.98E-03,,SSs,0.744189615,0.619368184,0.838735753,,SSs,Supplemental somatosensory area,233,0.0004997501249,0.9005288748,0.01690140845,0.0004997501249,0.854900982,0.01690140845
AM,1.77E-05,TRUE,3,22,0.05103995154,0.6236836618,1,0.6236836618,0.4953713428,,AM,1.30E-03,2.61E-05,1.27E-03,4.86E-03,4.33E-04,4.92E-03,,GU,0.750000001,0.617783447,0.847751558,,GU,Gustatory areas,,,,,,,
AMB,,,,,,,,,,,AMB,NaN,NaN,NaN,NaN,NaN,NaN,,VISC,0.666666667,0.536224427,0.775762793,,VISC,Visceral area,,,,,,,
ANcr1,2.05E-06,TRUE,4,32.25,0.07886174194,0.7151674105,1,0.7151674105,0.4952545454,,ANcr1,1.19E-03,3.14E-04,8.75E-04,5.75E-03,1.59E-03,5.10E-03,,AUDd,0.857142857,0.664551588,0.947840238,,AUDd,Dorsal auditory area,,,,,,,
ANcr2,,,,,,,,,,,ANcr2,3.47E-03,1.51E-04,3.32E-03,1.38E-02,5.46E-04,1.33E-02,,AUDp,0.846774194,0.771363771,0.900519922,,AUDp,Primary auditory area,105,0.0004997501249,3.425665099,0.004225352113,0.0004997501249,2.990186762,0.004225352113
AOB,,,,,,,,,,,AOB,-3.62E-02,6.13E-04,-3.68E-02,-3.62E-02,6.13E-04,-3.68E-02,,AUDpo,,,,,AUDpo,Posterior auditory area,,,,,,,
AON,2.19E-07,TRUE,8,31.25,0.1350943813,0.5953079804,0.75,0.6103822893,0.4963705085,,AON,2.56E-03,6.34E-05,2.50E-03,9.01E-03,8.91E-04,7.81E-03,,AUDv,0.763876787,0.670344536,0.837311896,,AUDv,Ventral auditory area,,,,,,,
AP,,,,,,,,,,,AP,NaN,NaN,NaN,NaN,NaN,NaN,,VISal,,,,,VISal,Anterolateral visual area,,,,,,,
APN,1.39E-26,TRUE,22,20.04545455,0.1109767116,0.7286561611,1,0.7286561611,0.4950785277,,APN,9.09E-03,5.13E-04,8.58E-03,4.15E-02,3.03E-03,3.81E-02,,VISam,0.598410175,0.510209573,0.680668669,,VISam,Anteromedial visual area,222,0.0004997501249,0.5160774123,0.02112676056,0.0004997501249,0.5194399549,0.01901408451
APr,,,,,,,,,,,APr,2.16E-02,-1.73E-04,2.18E-02,6.86E-02,6.12E-05,6.87E-02,,VISl,0.620318264,0.223155205,0.902838723,,VISl,Lateral visual area,,,,,,,
ARH,,,,,,,,,,,ARH,NaN,NaN,NaN,NaN,NaN,NaN,,VISp,0.814920496,0.703368023,0.891021906,,VISp,Primary visual area,393,0.0004997501249,1.102454319,0.09507042254,0.0004997501249,1.2479361,0.1035211268
AT,,,,,,,,,,,AT,2.17E-03,2.01E-03,1.59E-04,6.30E-03,7.12E-03,4.83E-03,,VISpl,,,,,VISpl,Posterolateral visual area,,,,,,,
AUDd,,,,,,,,,,,AUDd,1.77E-02,2.54E-03,1.51E-02,1.06E-01,1.55E-02,9.85E-02,,VISpm,0.742465992,0.63953919,0.824086907,,VISpm,posteromedial visual area,115,0.0004997501249,0.4492405335,0.02323943662,0.0004997501249,0.3213961192,0.02112676056
AUDp,1.13E-06,TRUE,4,24.25,0.08639502835,0.9324258194,1,0.9324258194,0.4940368706,,AUDp,1.26E-02,6.01E-03,6.56E-03,5.70E-02,2.44E-02,4.49E-02,,VISli,0.500000009,0.355734406,0.64426561,,VISli,Laterointermediate area,,,,,,,
AUDpo,,,,,,,,,,,AUDpo,1.62E-02,2.36E-03,1.38E-02,3.44E-02,5.15E-03,2.92E-02,,VISpor,0.510000001,0.411705965,0.607526825,,VISpor,Postrhinal area,,,,,,,
AUDv,1.13E-06,TRUE,4,23.75,0.0698444031,0.8826027385,1,0.8826027385,0.495077509,,AUDv,4.68E-03,3.10E-03,1.58E-03,2.21E-02,1.08E-02,2.12E-02,,ACAd,0.747362766,0.638143192,0.832280707,,ACAd,Anterior cingulate area dorsal part,244,0.0004997501249,0.4074444321,0.02323943662,0.0004997501249,0.3260088225,0.02323943662
AV,1.77E-05,TRUE,3,18.66666667,0.1225101093,0.7194965716,1,0.7194965716,0.4911898274,,AV,3.28E-03,5.28E-04,2.75E-03,1.30E-02,1.26E-03,1.23E-02,,ACAv,0.663985404,0.53683626,0.771111615,,ACAv,Anterior cingulate area ventral part,123,0.0004997501249,0.4418521294,0.01478873239,0.0004997501249,0.3414265555,0.01267605634
AVP,,,,,,,,,,,AVP,1.29E-03,-1.93E-05,1.30E-03,4.75E-03,1.81E-04,4.80E-03,,PL,0.753193221,0.698030733,0.801149485,,PL,Prelimbic area,286,1,1.11534016,0.08028169014,1,1.213637145,0.07605633803
AVPV,,,,,,,,,,,AVPV,NaN,NaN,NaN,NaN,NaN,NaN,,ILA,0.743895636,0.651193017,0.818815667,,ILA,Infralimbic area,225,0.0004997501249,0.4495709802,0.02535211268,0.0004997501249,0.3876520437,0.01901408451
B,,,,,,,,,,,B,NaN,NaN,NaN,NaN,NaN,NaN,,ORBl,0.654320991,0.600674113,0.704308572,,ORBl,Orbital area lateral part,139,0.0004997501249,1.007822462,0.05281690141,0.0004997501249,1.071759616,0.05492957746
BA,,,,,,,,,,,BA,NaN,NaN,NaN,NaN,NaN,NaN,,ORBm,0.5698745,0.402213036,0.722907688,,ORBm,Orbital area medial part,198,0.0004997501249,0.5541062384,0.04014084507,0.0004997501249,0.6417151839,0.04014084507
BLA,1.52E-04,TRUE,5,18.4,0.07825147121,0.5410077466,0.6,0.5654782057,0.496159467,,BLA,1.85E-03,-2.09E-06,1.85E-03,9.82E-03,5.09E-04,9.32E-03,,ORBv,,,,,ORBv,Orbital area ventral part,,,,,,,
BMA,1.26E-04,TRUE,5,22.2,0.07036746235,0.5584482759,0.6,0.6852813853,0.495102913,,BMA,2.87E-03,-1.78E-05,2.89E-03,7.33E-03,3.88E-04,7.12E-03,,ORBvl,0.710384198,0.629797961,0.779568106,,ORBvl,Orbital area ventrolateral part,376,0.0004997501249,0.6630548653,0.0485915493,1,0.4319986166,0.06338028169
BST,5.06E-06,TRUE,5,13.8,0.05467635948,0.6291051332,0.8,0.6318325242,0.4956960157,,BST,1.97E-03,1.00E-05,1.96E-03,8.47E-03,6.03E-04,8.23E-03,,AId,0.696202533,0.619540601,0.763318487,,AId,Agranular insular area dorsal part,165,0.0004997501249,1.333146984,0.0676056338,0.0004997501249,1.179710902,0.06338028169
CA1,7.91E-24,TRUE,28,24.10714286,0.09306617392,0.6243933861,0.8214285714,0.6322580645,0.4963061363,,CA1,6.54E-03,8.94E-04,5.65E-03,1.28E-02,1.64E-03,1.16E-02,,AIp,0.629032258,0.50058886,0.74149999,,AIp,Agranular insular area posterior part,,,,,,,
CA2,,,,,,,,,,,CA2,2.47E-03,1.74E-04,2.30E-03,8.58E-03,1.15E-03,7.90E-03,,AIv,0.583333347,0.413423779,0.735512597,,AIv,Agranular insular area ventral part,105,0.0004997501249,0.2987707561,0.04014084507,0.0004997501249,0.3341734433,0.07605633803
CA3,8.83E-10,TRUE,15,22.86666667,0.07018943048,0.5443680223,0.5333333333,0.643130014,0.4956218024,,CA3,2.60E-03,1.96E-04,2.41E-03,1.33E-02,1.37E-03,1.25E-02,,RSPagl,0.681852907,0.462274095,0.842346413,,RSPagl,Retrosplenial area lateral agranular part,171,0.0004997501249,0.6250877376,0.02957746479,0.0004997501249,0.8570887297,0.1014084507
CEA,1.15E-03,TRUE,3,31.33333333,0.1825868922,0.5652597403,0.6666666667,0.7448163063,0.4951289208,,CEA,7.19E-03,2.16E-06,7.19E-03,4.55E-02,2.14E-04,4.56E-02,,RSPd,0.688809173,0.605645996,0.761345298,,RSPd,Retrosplenial area dorsal part,166,0.0004997501249,0.4908318691,0.01267605634,0.0004997501249,0.6731258236,0.01267605634
CENT2,1.13E-06,TRUE,4,16.75,0.08460552647,0.7681785238,1,0.7681785238,0.4949536057,,CENT2,3.67E-03,1.41E-04,3.53E-03,1.10E-02,1.99E-03,1.09E-02,,RSPv,0.643667709,0.578058758,0.704293627,,RSPv,Retrosplenial area ventral part,229,0.0004997501249,0.7326160508,0.01478873239,0.0004997501249,0.4293760995,0.01478873239
CENT3,8.40E-03,TRUE,3,24.33333333,0.1309007984,0.5561111111,0.3333333333,0.794666374,0.4964018335,,CENT3,1.30E-02,2.43E-03,1.06E-02,6.83E-02,3.28E-03,6.82E-02,,VISa,0.686463473,0.605293975,0.757624792,,VISa,Anterior area,612,0.0004997501249,0.543255007,0.02323943662,0.0004997501249,0.9061746489,0.01478873239
CL,,,,,,,,,,,CL,6.06E-03,4.40E-05,6.02E-03,2.02E-02,8.86E-04,2.00E-02,,VISrl,0.903846154,0.785218595,0.960268859,,VISrl,Rostrolateral visual area,,,,,,,
CLA,,,,,,,,,,,CLA,6.71E-03,8.39E-04,5.87E-03,8.55E-03,3.64E-03,8.62E-03,,TEa,0.514597101,0.377891789,0.649152536,,TEa,Temporal association areas,139,0.0004997501249,0.6020056335,0.008450704225,0.0004997501249,0.625871738,0.008450704225
CLI,,,,,,,,,,,CLI,2.97E-02,8.71E-04,2.88E-02,1.39E-01,3.22E-03,1.38E-01,,PERI,,,,,PERI,Perirhinal area,,,,,,,
CM,,,,,,,,,,,CM,5.31E-03,1.05E-03,4.26E-03,2.33E-02,5.38E-03,2.31E-02,,ECT,0.578125,0.452464863,0.694422815,,ECT,Ectorhinal area,,,,,,,
COAa,,,,,,,,,,,COAa,3.28E-03,3.44E-05,3.25E-03,1.66E-02,4.71E-04,1.66E-02,,MOB,,,,,MOB,Main olfactory bulb,,,,,,,
COAp,5.95E-03,TRUE,3,20,0.05065085541,0.5695033313,0.6666666667,0.5880496455,0.4977465986,,COAp,1.12E-03,-3.58E-05,1.15E-03,4.34E-03,3.51E-04,4.49E-03,,AOB,,,,,AOB,Accessory olfactory bulb,,,,,,,
COPY,2.87E-04,TRUE,2,14.5,0.0526779155,0.6460532111,1,0.6460532111,0.4968730466,,COPY,4.35E-03,3.31E-04,4.02E-03,1.49E-02,2.26E-03,1.40E-02,,AON,0.647846447,0.581836006,0.708654414,,AON,Anterior olfactory nucleus,269,0.0004997501249,0.5512237686,0.09084507042,1,0.5446881758,0.09084507042
CP,4.23E-45,TRUE,40,40.225,0.1291009213,0.8720247438,0.975,0.8992327999,0.4977388096,,CP,1.07E-02,8.06E-04,9.88E-03,5.46E-02,3.23E-03,5.25E-02,,TTd,0.63201409,0.561445208,0.697348783,,TTd,Taenia tecta dorsal part,187,0.0004997501249,0.6394821784,0.01901408451,0.0004997501249,0.8768265068,0.01901408451
CS,2.87E-04,TRUE,2,16.5,0.08508898253,0.7613852788,1,0.7613852788,0.4967863084,,CS,4.85E-03,5.70E-04,4.28E-03,1.92E-02,2.31E-03,1.78E-02,,TTv,,,,,TTv,Taenia tecta ventral part,,,,,,,
CU,,,,,,,,,,,CU,NaN,NaN,NaN,NaN,NaN,NaN,,DP,0.758769078,0.645228709,0.844717229,,DP,Dorsal peduncular area,199,0.0004997501249,0.7139487755,0.004225352113,0.0004997501249,0.6158569515,0.004225352113
CUL4 5,2.65E-10,TRUE,9,29,0.1435057703,0.7095758929,0.8888888889,0.7211327974,0.49783009,,CUL4 5,7.20E-03,6.33E-04,6.56E-03,3.49E-02,5.14E-03,3.21E-02,,PIR,0.660510612,0.555515278,0.751786026,,PIR,Piriform area,379,0.0004997501249,0.4274258486,0.1204225352,0.0004997501249,0.2136294934,0.1225352113
CUN,,,,,,,,,,,CUN,1.03E-02,7.80E-03,2.47E-03,3.37E-02,3.99E-02,2.90E-02,,NLOT,,,,,NLOT,Nucleus of the lateral olfactory tract,,,,,,,
DCO,0.0002872852112,TRUE,2,15,0.1418298851,0.8557546559,1,0.8557546559,0.4915455392,,DCO,1.17E-02,5.49E-03,6.17E-03,5.26E-02,2.13E-02,3.94E-02,,COAa,,,,,COAa,Cortical amygdalar area anterior part,,,,,,,
DEC,,,,,,,,,,,DEC,6.14E-03,6.14E-04,5.53E-03,2.54E-02,2.52E-03,2.40E-02,,COAp,0.45002378,0.232651947,0.688313752,,COAp,Cortical amygdalar area posterior part,,,,,,,
DG,2.36E-14,TRUE,15,18.8,0.09840183493,0.6866007905,0.8,0.6974414201,0.4971181776,,DG,4.52E-03,5.46E-04,3.97E-03,1.52E-02,1.45E-03,1.32E-02,,PAA,0.750000003,0.635510217,0.837711066,,PAA,Piriform-amygdalar area,,,,,,,
DMH,,,,,,,,,,,DMH,1.24E-03,4.94E-04,7.41E-04,4.57E-03,2.68E-03,4.42E-03,,TR,,,,,TR,Postpiriform transition area,,,,,,,
DMX,,,,,,,,,,,DMX,NaN,NaN,NaN,NaN,NaN,NaN,,CA1,0.711271018,0.656598678,0.760415158,,CA1,Field CA1,1034,0.0004997501249,0.9219305674,0.01901408451,0.0004997501249,0.8270570962,0.01690140845
DN,,,,,,,,,,,DN,2.26E-02,1.44E-03,2.12E-02,1.05E-01,5.24E-03,1.03E-01,,CA2,,,,,CA2,Field CA2,,,,,,,
DP,9.63E-10,TRUE,8,23.125,0.1282048525,0.6469639235,0.875,0.6929510218,0.4965451051,,DP,1.87E-03,2.97E-04,1.58E-03,6.45E-03,1.35E-03,5.36E-03,,CA3,0.762190735,0.669101436,0.835529162,,CA3,Field CA3,523,0.0004997501249,0.7296348636,0.02112676056,0.0004997501249,0.6488335889,0.02112676056
DR,,,,,,,,,,,DR,4.03E-03,5.56E-04,3.47E-03,1.46E-02,1.82E-03,1.46E-02,,DG,0.711488034,0.628338994,0.782474699,,DG,Dentate gyrus,564,0.0004997501249,0.7646886195,0.02112676056,0.0004997501249,0.8070705627,0.01901408451
DT,,,,,,,,,,,DT,5.39E-03,3.45E-04,5.04E-03,1.47E-02,1.20E-03,1.35E-02,,FC,,,,,FC,Fasciola cinerea,,,,,,,
DTN,,,,,,,,,,,DTN,2.88E-03,-1.72E-04,3.05E-03,9.58E-03,5.34E-05,9.56E-03,,IG,,,,,IG,Induseum griseum,,,,,,,
ECT,1.92E-03,TRUE,4,13.5,0.04752858199,0.5495235795,0.25,0.651741388,0.4936900844,,ECT,9.33E-04,-1.81E-04,1.11E-03,6.01E-03,3.22E-04,6.26E-03,,ENTl,0.635876733,0.537062097,0.724422073,,ENTl,Entorhinal area lateral part,263,1,0.2463981418,0.0338028169,0.0004997501249,0.1327278341,0.0338028169
ECU,,,,,,,,,,,ECU,6.91E-03,-2.64E-04,7.18E-03,8.03E-03,-3.85E-06,8.44E-03,,ENTm,0.723087242,0.50468636,0.869994346,,ENTm,Entorhinal area medial part dorsal zone,194,0.0004997501249,0.6050637929,0.02112676056,0.0004997501249,0.5561765989,0.02112676056
ENTl,1.37E-05,TRUE,7,35.28571429,0.09882350939,0.5848635236,0.5714285714,0.6560598864,0.4966555356,,ENTl,7.75E-04,8.90E-06,7.66E-04,4.65E-03,7.58E-04,4.57E-03,,PAR,0.629478681,0.308752593,0.865985426,,PAR,Parasubiculum,,,,,,,
ENTm,1.66E-06,TRUE,5,36.4,0.07065750372,0.6765180603,1,0.6765180603,0.4947287687,,ENTm,2.10E-03,8.79E-05,2.01E-03,8.44E-03,1.07E-03,8.58E-03,,POST,0.812500001,0.695583853,0.891515764,,POST,Postsubiculum,,,,,,,
EPd,5.38E-02,FALSE,2,16.5,0.03912909752,0.5260692132,0.5,0.5651983107,0.4967213789,,EPd,2.14E-03,-7.05E-05,2.21E-03,1.53E-02,3.63E-04,1.51E-02,,PRE,0.812499999,0.695583849,0.891515763,,PRE,Presubiculum,,,,,,,
EPv,5.37E-03,TRUE,2,22,0.06397757532,0.6078691611,0.5,0.6718467364,0.4946139284,,EPv,4.18E-03,2.38E-04,3.94E-03,1.43E-02,1.13E-03,1.43E-02,,SUB,0.854248762,0.76282691,0.91438579,,SUB,Subiculum,350,0.0004997501249,0.6531957635,0.02535211268,0.0004997501249,0.7915896039,0.02535211268
Eth,1.49E-12,TRUE,9,19.11111111,0.07251897129,0.789652965,1,0.789652965,0.4958492488,,Eth,5.79E-03,9.87E-04,4.80E-03,2.13E-02,3.50E-03,2.08E-02,,ProS,0.794117476,0.704410874,0.861935553,,ProS,Prosubiculum,199,0.0004997501249,0.3686481004,0.02535211268,0.0004997501249,0.3530146908,0.01478873239
EW,,,,,,,,,,,EW,3.24E-03,1.66E-03,1.58E-03,3.24E-03,1.66E-03,1.58E-03,,HATA,0.39068244,0.146950861,0.704710294,,HATA,Hippocampo-amygdalar transition area,,,,,,,
FC,,,,,,,,,,,FC,4.59E-03,2.80E-04,4.31E-03,1.19E-02,1.24E-03,1.07E-02,,APr,,,,,APr,Area prostriata,,,,,,,
FL,,,,,,,,,,,FL,4.18E-03,-4.83E-05,4.22E-03,1.28E-02,4.83E-04,1.26E-02,,CLA,0.749999995,0.504444705,0.898388441,,CLA,Claustrum,,,,,,,
FN,,,,,,,,,,,FN,8.80E-02,9.56E-04,8.71E-02,1.65E-01,3.02E-03,1.64E-01,,EPd,0.76056338,0.645909986,0.846892361,,EPd,Endopiriform nucleus dorsal part,,,,,,,
FOTU,,,,,,,,,,,FOTU,1.02E-02,7.99E-04,9.44E-03,3.88E-02,3.73E-03,3.88E-02,,EPv,0.662438391,0.383393029,0.860989186,,EPv,Endopiriform nucleus ventral part,,,,,,,
FRP,0.004073692381,TRUE,2,15.5,0.09799361543,0.6527555202,0.5,0.7507491356,0.4941810206,,FRP,4.42E-03,2.91E-04,4.13E-03,1.13E-02,1.79E-03,1.09E-02,,LA,,,,,LA,Lateral amygdalar nucleus,,,,,,,
FS,,,,,,,,,,,FS,1.48E-02,8.32E-04,1.40E-02,6.52E-02,3.57E-03,6.29E-02,,BLA,0.259259249,0.124279024,0.46328469,,BLA,Basolateral amygdalar nucleus,112,0.0004997501249,0.5331239974,0.08661971831,0.0004997501249,0.3077531036,0.01056338028
GPe,7.34E-08,TRUE,5,17.6,0.1005539028,0.7695690994,1,0.7695690994,0.4929057018,,GPe,1.38E-02,5.25E-04,1.33E-02,5.41E-02,2.97E-03,5.48E-02,,BMA,0.490294247,0.299261475,0.68420436,,BMA,Basomedial amygdalar nucleus,141,0.0004997501249,0.3733780792,0.08661971831,0.0004997501249,0.2033059122,0.09718309859
GPi,,,,,,,,,,,GPi,3.34E-02,2.37E-03,3.10E-02,1.38E-01,1.03E-02,1.36E-01,,PA,0.426995808,0.23654663,0.641865236,,PA,Posterior amygdalar nucleus,,,,,,,
GR,,,,,,,,,,,GR,NaN,NaN,NaN,NaN,NaN,NaN,,CP,0.793126498,0.758397618,0.824021668,,CP,Caudoputamen,1704,0.0004997501249,1.182179248,0.05704225352,0.0004997501249,0.9613099517,0.0485915493
GRN,1.23E-08,TRUE,6,15.5,0.1528184301,0.907442602,1,0.907442602,0.4970769489,,GRN,2.63E-02,5.32E-03,2.10E-02,1.14E-01,1.89E-02,1.12E-01,,ACB,0.822393822,0.770738814,0.864457147,,ACB,Nucleus accumbens,227,0.0004997501249,0.7649208731,0.05704225352,0.0004997501249,0.6489395389,0.06126760563
GU,,,,,,,,,,,GU,1.44E-02,9.05E-04,1.35E-02,9.44E-02,5.41E-03,9.10E-02,,FS,,,,,FS,Fundus of striatum,,,,,,,
HATA,,,,,,,,,,,HATA,5.38E-05,-3.36E-05,8.74E-05,6.27E-03,7.00E-04,5.29E-03,,OT,,,,,OT,Olfactory tubercle,,,,,,,
I5,,,,,,,,,,,I5,2.13E-02,7.15E-04,2.06E-02,4.24E-02,2.74E-03,4.24E-02,,LSc,0.764705884,0.588094281,0.880924819,,LSc,Lateral septal nucleus caudal (caudodorsal) part,,,,,,,
IA,,,,,,,,,,,IA,6.95E-04,8.82E-06,6.86E-04,2.51E-03,1.68E-04,2.40E-03,,LSr,0.713090486,0.671320487,0.751516996,,LSr,Lateral septal nucleus rostral (rostroventral) part,765,0.0004997501249,0.4314328141,0.03169014085,0.0004997501249,0.4285811269,0.02957746479
IAD,,,,,,,,,,,IAD,1.75E-03,1.92E-03,-1.70E-04,4.36E-03,1.01E-02,3.97E-03,,LSv,0.752299416,0.564745815,0.876682425,,LSv,Lateral septal nucleus ventral part,105,0.0004997501249,0.4685609661,0.01478873239,0.0004997501249,0.8630231098,0.01478873239
IAM,,,,,,,,,,,IAM,6.32E-03,-1.66E-05,6.33E-03,2.00E-02,1.35E-04,1.99E-02,,SF,0.484848485,0.316453231,0.656755859,,SF,Septofimbrial nucleus,,,,,,,
IC,1.13E-06,TRUE,4,13,0.1188824956,0.9019971566,1,0.9019971566,0.4953003726,,IC,1.52E-02,5.49E-03,9.67E-03,8.39E-02,2.29E-02,5.07E-02,,SH,,,,,SH,Septohippocampal nucleus,,,,,,,
ICB,,,,,,,,,,,ICB,2.85E-02,-1.90E-04,2.86E-02,1.20E-01,1.08E-03,1.19E-01,,AAA,,,,,AAA,Anterior amygdalar area,,,,,,,
IF,,,,,,,,,,,IF,3.01E-02,6.05E-04,2.95E-02,7.37E-02,1.71E-03,7.28E-02,,BA,,,,,BA,Bed nucleus of the accessory olfactory tract,,,,,,,
IG,,,,,,,,,,,IG,1.17E-03,9.56E-05,1.07E-03,1.98E-02,3.19E-04,1.95E-02,,CEA,0.65346636,0.520029094,0.766466067,,CEA,Central amygdalar nucleus,116,0.0004997501249,0.8414962275,0.1056338028,0.0004997501249,0.5401634792,0.006338028169
IGL,,,,,,,,,,,IGL,4.19E-04,-4.70E-05,4.66E-04,9.52E-04,1.11E-05,9.41E-04,,IA,,,,,IA,Intercalated amygdalar nucleus,,,,,,,
III,,,,,,,,,,,III,5.23E-03,2.49E-03,2.74E-03,1.65E-02,9.48E-03,1.57E-02,,MEA,0.696000001,0.609081929,0.770862745,,MEA,Medial amygdalar nucleus,137,0.0004997501249,0.4310412244,0.05070422535,0.0004997501249,0.9246485367,0.1077464789
ILA,3.20E-06,TRUE,7,32,0.1442938396,0.6581812302,0.5714285714,0.7325694115,0.4976582715,,ILA,1.88E-03,1.33E-04,1.74E-03,7.53E-03,1.23E-03,5.85E-03,,GPe,0.849961392,0.641176021,0.947256256,,GPe,Globus pallidus external segment,105,0.0004997501249,2.039570085,0.01267605634,0.0004997501249,1.984687924,0.05070422535
IMD,,,,,,,,,,,IMD,NaN,NaN,NaN,NaN,NaN,NaN,,GPi,,,,,GPi,Globus pallidus internal segment,,,,,,,
IntG,,,,,,,,,,,IntG,2.60E-04,1.46E-03,-1.20E-03,8.15E-04,2.13E-03,-4.07E-04,,SI,0.776552935,0.66424147,0.859256336,,SI,Substantia innominata,132,0.0004997501249,1.170747968,0.08028169014,0.0004997501249,0.8346802758,0.0823943662
IO,,,,,,,,,,,IO,NaN,NaN,NaN,NaN,NaN,NaN,,MA,,,,,MA,Magnocellular nucleus,,,,,,,
IP,2.87E-04,TRUE,2,62.5,0.03855186412,0.8714742385,1,0.8714742385,0.4987501486,,IP,7.05E-03,4.36E-04,6.62E-03,5.54E-02,2.22E-03,5.64E-02,,MS,0.8,0.68283361,0.881400938,,MS,Medial septal nucleus,,,,,,,
IPN,,,,,,,,,,,IPN,5.87E-03,5.86E-04,5.29E-03,1.02E-02,1.31E-03,1.03E-02,,NDB,,,,,NDB,Diagonal band nucleus,,,,,,,
IRN,7.34E-08,TRUE,5,13.2,0.1197531836,0.8544814298,1,0.8544814298,0.497202381,,IRN,2.73E-02,3.10E-03,2.42E-02,9.27E-02,1.54E-02,8.70E-02,,TRS,0.431818182,0.291476071,0.584033162,,TRS,Triangular nucleus of septum,,,,,,,
ISN,,,,,,,,,,,ISN,NaN,NaN,NaN,NaN,NaN,NaN,,BST,0.776347355,0.665331217,0.858376188,,BST,Bed nuclei of the stria terminalis,108,0.0004997501249,0.8094116957,0.06126760563,0.0004997501249,0.6929174465,0.05704225352
IV,,,,,,,,,,,IV,NaN,NaN,NaN,NaN,NaN,NaN,,VAL,0.895762216,0.830528941,0.937767229,,VAL,Ventral anterior-lateral complex of the thalamus,127,0.0004997501249,1.227916157,0.05492957746,0.0004997501249,1.463446567,0.05915492958
LA,,,,,,,,,,,LA,3.23E-03,7.19E-05,3.15E-03,6.11E-03,6.95E-04,5.96E-03,,VM,0.986097014,0.559407548,0.999747676,,VM,Ventral medial nucleus of the thalamus,,,,,,,
LAV,,,,,,,,,,,LAV,2.75E-02,4.26E-04,2.71E-02,8.16E-02,3.09E-03,8.17E-02,,VPL,0.886414064,0.776511675,0.946027474,,VPL,Ventral posterolateral nucleus of the thalamus,203,0.0004997501249,0.6283896228,0.09929577465,0.0004997501249,0.7512555566,0.01478873239
LC,,,,,,,,,,,LC,NaN,NaN,NaN,NaN,NaN,NaN,,VPLpc,,,,,VPLpc,Ventral posterolateral nucleus of the thalamus parvicellular part,,,,,,,
LD,2.43E-09,TRUE,7,23.71428571,0.05521719238,0.6387134503,0.8571428571,0.649778395,0.4933688234,,LD,3.83E-03,1.65E-04,3.66E-03,1.67E-02,1.39E-03,1.68E-02,,VPM,0.860653163,0.827904539,0.888012896,,VPM,Ventral posteromedial nucleus of the thalamus,573,0.0004997501249,0.4596320045,0.01901408451,0.0004997501249,0.627461741,0.006338028169
LDT,,,,,,,,,,,LDT,1.66E-02,6.95E-04,1.59E-02,3.62E-02,4.48E-03,3.59E-02,,VPMpc,,,,,VPMpc,Ventral posteromedial nucleus of the thalamus parvicellular part,,,,,,,
LGd,7.58E-10,TRUE,12,20.5,0.1221432895,0.5904174192,0.75,0.6272313959,0.4956097516,,LGd,2.46E-03,1.15E-04,2.35E-03,1.20E-02,1.19E-03,1.07E-02,,PoT,0.779069768,0.677753879,0.855330817,,PoT,Posterior triangular thalamic nucleus,136,0.0004997501249,2.451304739,0.008450704225,0.0004997501249,2.777605259,0.008450704225
LGv,5.40E-04,TRUE,2,19,0.1250687304,0.7075694888,1,0.7075694888,0.4941146834,,LGv,4.24E-03,2.68E-04,3.97E-03,1.71E-02,3.94E-03,1.49E-02,,SPF,,,,,SPF,Subparafascicular nucleus,,,,,,,
LH,,,,,,,,,,,LH,9.56E-03,5.02E-03,4.53E-03,3.58E-02,2.10E-02,1.99E-02,,SPA,,,,,SPA,Subparafascicular area,,,,,,,
LHA,2.87E-04,TRUE,2,17.5,0.1178535426,0.71291351,1,0.71291351,0.4969844354,,LHA,2.80E-03,3.50E-04,2.45E-03,9.25E-03,2.24E-03,9.06E-03,,PP,,,,,PP,Peripeduncular nucleus,,,,,,,
LIN,,,,,,,,,,,LIN,1.77E-02,5.44E-03,1.23E-02,2.83E-02,8.89E-03,1.94E-02,,MG,0.794123748,0.690049026,0.869843932,,MG,Medial geniculate complex,166,0.0004997501249,2.004071179,0.01056338028,0.0004997501249,1.49417368,0.01056338028
LING,,,,,,,,,,,LING,5.94E-03,6.10E-04,5.33E-03,1.95E-02,2.79E-03,1.68E-02,,LGd,0.864839029,0.802507264,0.909711284,,LGd,Dorsal part of the lateral geniculate complex,295,0.0004997501249,0.95762013,0.01267605634,0.0004997501249,0.9466366667,0.01056338028
LM,,,,,,,,,,,LM,6.87E-03,7.09E-04,6.16E-03,1.69E-02,1.81E-03,1.57E-02,,LP,0.89239256,0.847783565,0.925083561,,LP,Lateral posterior nucleus of the thalamus,968,0.0004997501249,0.5694108065,0.01478873239,0.0004997501249,0.6068638125,0.01478873239
LP,8.97E-32,TRUE,32,25.84375,0.1065780297,0.6545794959,0.875,0.6792823631,0.4946977371,,LP,2.57E-03,1.56E-04,2.42E-03,1.18E-02,1.15E-03,1.07E-02,,PO,0.917011121,0.892176568,0.936532539,,PO,Posterior complex of the thalamus,1210,0.0004997501249,0.4394987732,0.01478873239,0.0004997501249,0.4427185194,0.01267605634
LPO,,,,,,,,,,,LPO,1.06E-02,4.21E-04,1.02E-02,3.24E-02,1.83E-03,3.08E-02,,POL,0.669783828,0.494347062,0.807993956,,POL,Posterior limiting nucleus of the thalamus,,,,,,,
LRN,,,,,,,,,,,LRN,3.77E-03,2.98E-04,3.47E-03,1.11E-02,2.11E-03,1.11E-02,,SGN,0.857142844,0.744986077,0.924942101,,SGN,Suprageniculate nucleus,,,,,,,
LSc,,,,,,,,,,,LSc,1.76E-03,1.02E-04,1.66E-03,7.36E-03,1.11E-03,7.34E-03,,Eth,0.911520104,0.860215934,0.945194075,,Eth,Ethmoid nucleus of the thalamus,206,0.0004997501249,0.7600225209,0.05492957746,0.0004997501249,0.5152603133,0.04647887324
LSr,1.08E-18,TRUE,22,34.59090909,0.09071210275,0.632882081,0.7272727273,0.6522740258,0.4951056347,,LSr,1.51E-03,1.78E-04,1.33E-03,6.42E-03,8.15E-04,5.64E-03,,AV,0.887096774,0.817535457,0.932334024,,AV,Anteroventral nucleus of thalamus,,,,,,,
LSv,1.11E-03,TRUE,3,18.66666667,0.0689140176,0.6070116836,0.6666666667,0.6294798678,0.4958139535,,LSv,1.29E-03,6.19E-05,1.23E-03,5.52E-03,4.66E-04,5.47E-03,,AM,0.958647687,0.58313744,0.997403845,,AM,Anteromedial nucleus,,,,,,,
LT,,,,,,,,,,,LT,NaN,NaN,NaN,NaN,NaN,NaN,,AD,,,,,AD,Anterodorsal nucleus,,,,,,,
MA,,,,,,,,,,,MA,5.58E-03,3.49E-04,5.23E-03,1.67E-02,1.67E-03,1.40E-02,,IAM,,,,,IAM,Interanteromedial nucleus of the thalamus,,,,,,,
MA3,,,,,,,,,,,MA3,NaN,NaN,NaN,NaN,NaN,NaN,,IAD,,,,,IAD,Interanterodorsal nucleus of the thalamus,,,,,,,
MARN,,,,,,,,,,,MARN,1.67E-02,4.12E-03,1.26E-02,5.08E-02,1.53E-02,4.99E-02,,LD,0.886524823,0.843717221,0.918736298,,LD,Lateral dorsal nucleus of thalamus,222,0.0004997501249,0.7156661238,0.02323943662,0.0004997501249,0.9149476455,0.02323943662
MD,3.67E-13,TRUE,11,28.09090909,0.1415033322,0.7047751228,0.9090909091,0.7068898762,0.4953017511,,MD,4.37E-03,5.55E-04,3.82E-03,1.61E-02,2.54E-03,1.49E-02,,IMD,,,,,IMD,Intermediodorsal nucleus of the thalamus,,,,,,,
MDRN,6.09E-03,TRUE,2,10,4.75E-03,0.5789334322,1,0.5789334322,0.4947328995,,MDRN,2.69E-03,-4.97E-05,2.74E-03,1.35E-02,1.64E-03,1.34E-02,,MD,0.883261104,0.816084474,0.928063798,,MD,Mediodorsal nucleus of thalamus,364,0.0004997501249,0.8336912472,0.02535211268,0.0004997501249,0.785344956,0.02746478873
MEA,7.81E-04,TRUE,4,23.75,0.1572045113,0.5552289789,0.5,0.74484859,0.4956375678,,MEA,1.08E-03,8.72E-05,9.91E-04,3.23E-03,8.16E-04,2.77E-03,,SMT,0.934782609,0.861026405,0.970725714,,SMT,Submedial nucleus of the thalamus,,,,,,,
MEPO,,,,,,,,,,,MEPO,NaN,NaN,NaN,NaN,NaN,NaN,,PR,,,,,PR,Perireunensis nucleus,,,,,,,
MG,8.19E-10,TRUE,7,18.71428571,0.1503283984,0.7731701632,1,0.7731701632,0.4961455526,,MG,9.41E-03,8.01E-04,8.61E-03,4.29E-02,4.64E-03,3.55E-02,,PVT,0.807260069,0.672953135,0.895016223,,PVT,Paraventricular nucleus of the thalamus,,,,,,,
MH,,,,,,,,,,,MH,1.08E-03,1.06E-04,9.76E-04,3.36E-03,3.93E-04,3.37E-03,,PT,,,,,PT,Parataenial nucleus,,,,,,,
MM,,,,,,,,,,,MM,3.23E-04,-1.83E-04,5.06E-04,6.90E-04,5.78E-04,1.34E-03,,RE,,,,,RE,Nucleus of reuniens,,,,,,,
MOB,,,,,,,,,,,MOB,2.51E-04,5.49E-05,1.97E-04,1.11E-03,1.40E-03,1.11E-03,,Xi,,,,,Xi,Xiphoid thalamic nucleus,,,,,,,
MOp,1.61E-28,TRUE,23,42.43478261,0.1157218737,0.8347222222,1,0.8347222222,0.498447205,,MOp,7.52E-03,9.91E-04,6.53E-03,3.98E-02,2.72E-03,3.84E-02,,RH,,,,,RH,Rhomboid nucleus,,,,,,,
MOs,7.03E-28,TRUE,24,34.25,0.1223392769,0.6791623859,0.9583333333,0.6838042784,0.4971048371,,MOs,4.71E-03,3.83E-04,4.33E-03,1.74E-02,1.86E-03,1.59E-02,,CM,,,,,CM,Central medial nucleus of the thalamus,,,,,,,
MPN,,,,,,,,,,,MPN,-4.25E-04,-3.82E-04,-4.33E-05,-4.25E-04,-3.82E-04,-4.33E-05,,PCN,0.935802781,0.620364531,0.992368378,,PCN,Paracentral nucleus,,,,,,,
MPO,0.0002872852112,TRUE,2,11.5,0.03790677982,0.6472187502,1,0.6472187502,0.495729359,,MPO,1.34E-03,1.03E-04,1.23E-03,7.64E-03,7.90E-04,6.97E-03,,CL,,,,,CL,Central lateral nucleus of the thalamus,,,,,,,
MPT,,,,,,,,,,,MPT,NaN,NaN,NaN,NaN,NaN,NaN,,PF,,,,,PF,Parafascicular nucleus,,,,,,,
MRN,1.38E-36,TRUE,30,16.46666667,0.09336517146,0.879558646,1,0.879558646,0.4967232665,,MRN,2.23E-02,2.04E-03,2.02E-02,1.11E-01,1.21E-02,1.04E-01,,PIL,,,,,PIL,Posterior intralaminar thalamic nucleus,,,,,,,
MS,1.77E-05,TRUE,3,13.66666667,0.1018204169,0.664051982,1,0.664051982,0.4944026448,,MS,3.57E-03,2.76E-04,3.29E-03,1.15E-02,1.21E-03,1.14E-02,,RT,0.907055369,0.700239883,0.976059657,,RT,Reticular nucleus of the thalamus,102,0.0004997501249,1.915710512,0.006338028169,0.0004997501249,2.142246535,0.006338028169
MT,,,,,,,,,,,MT,NaN,NaN,NaN,NaN,NaN,NaN,,IGL,,,,,IGL,Intergeniculate leaflet of the lateral geniculate complex,,,,,,,
MV,1.77E-05,TRUE,3,18,0.1244917668,0.7264013764,1,0.7264013764,0.5,,MV,2.21E-02,2.17E-03,1.99E-02,1.14E-01,1.34E-02,1.13E-01,,IntG,,,,,IntG,Intermediate geniculate nucleus,,,,,,,
NB,,,,,,,,,,,NB,2.76E-02,3.58E-03,2.41E-02,8.92E-02,1.33E-02,8.66E-02,,LGv,0.509090909,0.376507796,0.640407395,,LGv,Ventral part of the lateral geniculate complex,,,,,,,
NDB,,,,,,,,,,,NDB,5.52E-03,7.53E-04,4.76E-03,1.51E-02,3.67E-03,1.53E-02,,SubG,,,,,SubG,Subgeniculate nucleus,,,,,,,
NI,,,,,,,,,,,NI,4.38E-04,-4.72E-05,4.85E-04,2.01E-03,3.14E-04,1.69E-03,,MH,,,,,MH,Medial habenula,,,,,,,
NLL,,,,,,,,,,,NLL,1.75E-02,2.58E-03,1.49E-02,1.08E-01,1.37E-02,1.08E-01,,LH,0.950000004,0.689341298,0.99389083,,LH,Lateral habenula,,,,,,,
NLOT,,,,,,,,,,,NLOT,NaN,NaN,NaN,NaN,NaN,NaN,,SO,,,,,SO,Supraoptic nucleus,,,,,,,
NOD,0.008180378909,TRUE,2,13,0.03280293088,0.5576934899,0.5,0.5904964208,0.4969713067,,NOD,4.00E-03,-5.63E-05,4.05E-03,2.06E-02,4.51E-04,2.07E-02,,PVH,,,,,PVH,Paraventricular hypothalamic nucleus,,,,,,,
NOT,,,,,,,,,,,NOT,3.29E-03,6.66E-04,2.62E-03,9.53E-03,4.57E-03,6.90E-03,,PVa,,,,,PVa,Periventricular hypothalamic nucleus anterior part,,,,,,,
NPC,,,,,,,,,,,NPC,2.17E-02,3.22E-03,1.84E-02,6.34E-02,9.87E-03,6.08E-02,,PVi,,,,,PVi,Periventricular hypothalamic nucleus intermediate part,,,,,,,
NR,,,,,,,,,,,NR,NaN,NaN,NaN,NaN,NaN,NaN,,ARH,,,,,ARH,Arcuate hypothalamic nucleus,,,,,,,
NTB,,,,,,,,,,,NTB,NaN,NaN,NaN,NaN,NaN,NaN,,ADP,,,,,ADP,Anterodorsal preoptic nucleus,,,,,,,
NTS,,,,,,,,,,,NTS,1.46E-02,7.40E-06,1.46E-02,6.55E-02,9.56E-04,6.54E-02,,AVP,,,,,AVP,Anteroventral preoptic nucleus,,,,,,,
OP,,,,,,,,,,,OP,1.02E-02,5.31E-04,9.70E-03,2.65E-02,2.65E-03,2.64E-02,,AVPV,,,,,AVPV,Anteroventral periventricular nucleus,,,,,,,
ORBl,6.16E-07,TRUE,6,23,0.1533327769,0.6739142053,0.8333333333,0.6961764706,0.4958632845,,ORBl,3.99E-03,2.71E-04,3.72E-03,3.09E-02,9.32E-04,3.06E-02,,DMH,,,,,DMH,Dorsomedial nucleus of the hypothalamus,,,,,,,
ORBm,0.0002690617175,TRUE,4,44.5,0.15481747,0.6322391914,0.5,0.8176560919,0.4988168532,,ORBm,4.04E-03,2.16E-04,3.83E-03,1.37E-02,1.33E-03,1.18E-02,,MEPO,,,,,MEPO,Median preoptic nucleus,,,,,,,
ORBv,,,,,,,,,,,ORBv,NaN,NaN,NaN,NaN,NaN,NaN,,MPO,0.587366418,0.177817338,0.90355669,,MPO,Medial preoptic area,,,,,,,
ORBvl,7.34E-08,TRUE,5,75.2,0.09946179384,0.8765398168,1,0.8765398168,0.4983352144,,ORBvl,4.91E-03,1.77E-04,4.73E-03,2.12E-02,1.06E-03,2.11E-02,,PS,,,,,PS,Parastrial nucleus,,,,,,,
OT,0.04110888141,TRUE,3,12,0.08882200441,0.5015645586,0.3333333333,0.6756134969,0.4917733402,,OT,5.61E-03,2.86E-04,5.32E-03,2.80E-02,2.67E-03,2.66E-02,,PVp,,,,,PVp,Periventricular hypothalamic nucleus posterior part,,,,,,,
P5,,,,,,,,,,,P5,-5.60E-04,9.45E-03,-1.00E-02,6.58E-03,1.81E-02,5.77E-03,,PVpo,,,,,PVpo,Periventricular hypothalamic nucleus preoptic part,,,,,,,
PA,0.2798404138,FALSE,3,19,0.03283305146,0.4963102999,0,,0.4935396825,,PA,3.51E-04,-3.48E-05,3.86E-04,1.78E-03,2.37E-04,1.93E-03,,SBPV,,,,,SBPV,Subparaventricular zone,,,,,,,
Pa4,,,,,,,,,,,Pa4,4.31E-02,4.45E-03,3.87E-02,4.31E-02,4.45E-03,3.87E-02,,SCH,,,,,SCH,Suprachiasmatic nucleus,,,,,,,
Pa5,,,,,,,,,,,Pa5,NaN,NaN,NaN,NaN,NaN,NaN,,SFO,,,,,SFO,Subfornical organ,,,,,,,
PAA,,,,,,,,,,,PAA,1.62E-03,-2.62E-05,1.65E-03,6.49E-03,1.64E-04,6.50E-03,,VMPO,,,,,VMPO,Ventromedial preoptic nucleus,,,,,,,
PAG,1.02E-13,TRUE,10,15.1,0.110445826,0.9153907039,1,0.9153907039,0.4957467349,,PAG,1.19E-02,2.72E-03,9.17E-03,5.51E-02,1.02E-02,5.31E-02,,VLPO,,,,,VLPO,Ventrolateral preoptic nucleus,,,,,,,
PAR,2.17E-05,TRUE,4,13.5,0.09790359659,0.7126285788,0.75,0.7704711216,0.4963181513,,PAR,1.39E-03,1.01E-03,3.80E-04,4.93E-03,2.81E-03,4.17E-03,,AHN,,,,,AHN,Anterior hypothalamic nucleus,,,,,,,
PARN,1.77E-05,TRUE,3,12.66666667,0.06905706547,0.8172928709,1,0.8172928709,0.4984846849,,PARN,2.34E-02,1.54E-03,2.18E-02,6.87E-02,7.19E-03,6.62E-02,,LM,,,,,LM,Lateral mammillary nucleus,,,,,,,
PAS,,,,,,,,,,,PAS,NaN,NaN,NaN,NaN,NaN,NaN,,MM,,,,,MM,Medial mammillary nucleus,,,,,,,
PB,0.005734594405,TRUE,2,16,0.1197403149,0.6574835056,0.5,0.7772238205,0.4981648016,,PB,1.06E-02,8.28E-04,9.81E-03,4.73E-02,6.08E-03,4.49E-02,,SUM,,,,,SUM,Supramammillary nucleus,,,,,,,
PBG,,,,,,,,,,,PBG,3.07E-02,-1.06E-04,3.08E-02,1.10E-01,1.89E-03,1.12E-01,,TM,,,,,TM,Tuberomammillary nucleus,,,,,,,
PC5,,,,,,,,,,,PC5,NaN,NaN,NaN,NaN,NaN,NaN,,MPN,,,,,MPN,Medial preoptic nucleus,,,,,,,
PCG,,,,,,,,,,,PCG,5.47E-03,3.43E-03,2.05E-03,5.96E-02,1.76E-02,5.98E-02,,PMd,,,,,PMd,Dorsal premammillary nucleus,,,,,,,
PCN,0.0002872852112,TRUE,2,12,0.09065236519,0.8285313842,1,0.8285313842,0.4946196998,,PCN,6.74E-03,6.88E-04,6.05E-03,3.43E-02,2.59E-03,3.17E-02,,PMv,,,,,PMv,Ventral premammillary nucleus,,,,,,,
PDTg,,,,,,,,,,,PDTg,1.41E-02,1.48E-03,1.26E-02,2.16E-02,3.47E-03,2.10E-02,,PVHd,,,,,PVHd,Paraventricular hypothalamic nucleus descending division,,,,,,,
PeF,,,,,,,,,,,PeF,9.91E-03,-1.83E-05,9.93E-03,3.52E-02,3.36E-04,3.54E-02,,VMH,,,,,VMH,Ventromedial hypothalamic nucleus,,,,,,,
PERI,,,,,,,,,,,PERI,2.06E-04,3.48E-05,1.72E-04,1.10E-03,8.53E-05,1.02E-03,,PH,,,,,PH,Posterior hypothalamic nucleus,,,,,,,
PF,,,,,,,,,,,PF,4.54E-03,2.09E-04,4.33E-03,1.97E-02,1.78E-03,2.07E-02,,LHA,0.760284318,0.546774822,0.892911305,,LHA,Lateral hypothalamic area,,,,,,,
PFL,,,,,,,,,,,PFL,3.78E-03,1.52E-04,3.62E-03,1.63E-02,7.31E-04,1.62E-02,,LPO,,,,,LPO,Lateral preoptic area,,,,,,,
PG,,,,,,,,,,,PG,1.01E-01,2.01E-03,9.85E-02,1.01E-01,2.01E-03,9.85E-02,,PSTN,,,,,PSTN,Parasubthalamic nucleus,,,,,,,
PGRN,,,,,,,,,,,PGRN,1.36E-02,1.67E-03,1.19E-02,5.22E-02,6.91E-03,4.63E-02,,PeF,,,,,PeF,Perifornical nucleus,,,,,,,
PH,,,,,,,,,,,PH,-1.90E-04,-1.26E-04,-6.40E-05,5.39E-04,1.70E-05,5.51E-04,,RCH,,,,,RCH,Retrochiasmatic area,,,,,,,
PIL,,,,,,,,,,,PIL,1.29E-02,-5.35E-04,1.35E-02,5.06E-02,6.91E-04,5.17E-02,,STN,,,,,STN,Subthalamic nucleus,,,,,,,
PIR,1.98E-07,TRUE,10,32.3,0.09748054627,0.5795254497,0.6,0.6047546965,0.4944554121,,PIR,2.19E-03,7.40E-05,2.12E-03,9.98E-03,7.42E-04,8.60E-03,,TU,,,,,TU,Tuberal nucleus,,,,,,,
PL,1.04E-08,TRUE,8,32.375,0.1659586028,0.6700552026,0.75,0.6974575576,0.4970820369,,PL,4.19E-03,6.79E-04,3.51E-03,1.98E-02,4.72E-03,1.80E-02,,ZI,0.907361255,0.772794969,0.965759493,,ZI,Zona incerta,174,0.0004997501249,1.775038193,0.07394366197,0.0004997501249,1.332249764,0.01901408451
PMd,,,,,,,,,,,PMd,NaN,NaN,NaN,NaN,NaN,NaN,,SCs,0.818665779,0.632823173,0.922034818,,SCs,Superior colliculus sensory related,,,,,,,
PMR,,,,,,,,,,,PMR,NaN,NaN,NaN,NaN,NaN,NaN,,IC,0.780653183,0.68146765,0.855502771,,IC,Inferior colliculus,117,0.0004997501249,2.233903623,0.01056338028,0.0004997501249,2.520512557,0.008450704225
PMv,,,,,,,,,,,PMv,NaN,NaN,NaN,NaN,NaN,NaN,,NB,,,,,NB,Nucleus of the brachium of the inferior colliculus,,,,,,,
PN,,,,,,,,,,,PN,NaN,NaN,NaN,NaN,NaN,NaN,,SAG,0.564632936,0.396055169,0.7194837,,SAG,Nucleus sagulum,,,,,,,
PO,4.03E-32,TRUE,29,36.86206897,0.1149787967,0.761897525,0.9655172414,0.7631135605,0.4943454168,,PO,6.81E-03,3.48E-04,6.46E-03,2.87E-02,2.06E-03,2.88E-02,,PBG,,,,,PBG,Parabigeminal nucleus,,,,,,,
POL,7.34E-08,TRUE,5,14.2,0.08805004784,0.7894943544,1,0.7894943544,0.4962370062,,POL,1.32E-02,7.42E-04,1.25E-02,8.16E-02,4.69E-03,8.06E-02,,SNr,0.96,0.849126657,0.990323583,,SNr,Substantia nigra reticular part,,,,,,,
POST,3.20E-04,TRUE,3,12.33333333,0.02457010182,0.5885083128,1,0.5885083128,0.4913407922,,POST,1.75E-02,-2.78E-05,1.75E-02,1.01E-01,9.93E-04,1.02E-01,,VTA,,,,,VTA,Ventral tegmental area,,,,,,,
PoT,7.34E-08,TRUE,5,18.6,0.07113585399,0.6747706798,1,0.6747706798,0.4913049853,,PoT,1.11E-02,8.01E-04,1.03E-02,4.94E-02,3.25E-03,4.22E-02,,PN,,,,,PN,Paranigral nucleus,,,,,,,
PP,,,,,,,,,,,PP,1.18E-03,-5.97E-05,1.24E-03,1.18E-03,-5.97E-05,1.24E-03,,RR,,,,,RR,Midbrain reticular nucleus retrorubral area,,,,,,,
PPN,2.87E-04,TRUE,2,15,0.003873663555,0.9317118278,1,0.9317118278,0.4943877601,,PPN,1.70E-02,2.38E-03,1.46E-02,5.29E-02,1.57E-02,4.88E-02,,MRN,0.813820985,0.770164459,0.850791632,,MRN,Midbrain reticular nucleus,686,0.0004997501249,1.560540546,0.01690140845,0.0004997501249,1.46186113,0.01690140845
PPT,,,,,,,,,,,PPT,-1.23E-03,-8.70E-04,-3.56E-04,2.59E-03,1.09E-03,2.11E-03,,SCm,0.787212652,0.744179771,0.824711808,,SCm,Superior colliculus motor related,526,0.0004997501249,1.929784433,0.07394366197,1,1.660717168,0.0485915493
PPY,,,,,,,,,,,PPY,NaN,NaN,NaN,NaN,NaN,NaN,,PAG,0.844406427,0.791879394,0.88559165,,PAG,Periaqueductal gray,242,0.0004997501249,1.738952901,0.01267605634,0.0004997501249,0.9395361527,0.01267605634
PR,,,,,,,,,,,PR,1.98E-03,2.49E-04,1.73E-03,7.39E-03,1.17E-03,7.44E-03,,APN,0.835661555,0.764522167,0.888445215,,APN,Anterior pretectal nucleus,504,0.0004997501249,1.369403578,0.01267605634,0.0004997501249,1.622295071,0.01267605634
PRE,0.001673842174,TRUE,2,20.5,0.03233881538,0.6047398363,1,0.6047398363,0.4999068336,,PRE,6.23E-04,9.03E-05,5.33E-04,4.36E-03,1.17E-03,4.03E-03,,MPT,,,,,MPT,Medial pretectal area,,,,,,,
PRM,2.87E-04,TRUE,2,31,0.02058549564,0.74671231,1,0.74671231,0.497272949,,PRM,5.84E-03,3.41E-04,5.50E-03,2.33E-02,1.52E-03,2.21E-02,,NOT,,,,,NOT,Nucleus of the optic tract,,,,,,,
PRNc,2.87E-04,TRUE,2,22,0.01084598638,0.9244178463,1,0.9244178463,0.4958278416,,PRNc,1.83E-02,1.37E-03,1.70E-02,8.58E-02,7.96E-03,7.83E-02,,NPC,0.708333323,0.489574603,0.860123239,,NPC,Nucleus of the posterior commissure,,,,,,,
PRNr,3.25E-10,TRUE,7,19.57142857,0.124240117,0.7829230769,1,0.7829230769,0.4944317877,,PRNr,1.62E-02,3.65E-03,1.25E-02,5.75E-02,1.59E-02,5.59E-02,,OP,,,,,OP,Olivary pretectal nucleus,,,,,,,
ProS,4.18E-07,TRUE,7,25,0.08554506668,0.6072024939,0.7142857143,0.6752840909,0.4972339833,,ProS,3.22E-03,7.49E-04,2.47E-03,1.07E-02,3.13E-03,9.47E-03,,PPT,,,,,PPT,Posterior pretectal nucleus,,,,,,,
PRP,,,,,,,,,,,PRP,3.64E-02,3.17E-04,3.61E-02,1.15E-01,1.09E-03,1.15E-01,,RPF,,,,,RPF,Retroparafascicular nucleus,,,,,,,
PS,,,,,,,,,,,PS,1.50E-03,-9.11E-06,1.51E-03,5.83E-03,5.29E-04,5.87E-03,,CUN,0.845845618,0.67521179,0.935409162,,CUN,Cuneiform nucleus,,,,,,,
PSTN,,,,,,,,,,,PSTN,NaN,NaN,NaN,NaN,NaN,NaN,,RN,0.756250003,0.683210197,0.816961242,,RN,Red nucleus,,,,,,,
PSV,,,,,,,,,,,PSV,1.26E-02,8.05E-04,1.18E-02,5.70E-02,4.18E-03,5.36E-02,,III,,,,,III,Oculomotor nucleus,,,,,,,
PT,,,,,,,,,,,PT,1.80E-06,-1.45E-04,1.47E-04,1.80E-06,-1.45E-04,1.47E-04,,MA3,,,,,MA3,Medial accesory oculomotor nucleus,,,,,,,
PVa,,,,,,,,,,,PVa,NaN,NaN,NaN,NaN,NaN,NaN,,EW,,,,,EW,Edinger-Westphal nucleus,,,,,,,
PVH,,,,,,,,,,,PVH,5.13E-03,5.83E-04,4.54E-03,8.39E-03,1.16E-03,7.23E-03,,IV,,,,,IV,Trochlear nucleus,,,,,,,
PVHd,,,,,,,,,,,PVHd,4.73E-03,-1.52E-05,4.75E-03,1.07E-02,1.01E-04,1.08E-02,,Pa4,,,,,Pa4,Paratrochlear nucleus,,,,,,,
PVi,,,,,,,,,,,PVi,NaN,NaN,NaN,NaN,NaN,NaN,,VTN,,,,,VTN,Ventral tegmental nucleus,,,,,,,
PVp,,,,,,,,,,,PVp,NaN,NaN,NaN,NaN,NaN,NaN,,AT,,,,,AT,Anterior tegmental nucleus,,,,,,,
PVpo,,,,,,,,,,,PVpo,NaN,NaN,NaN,NaN,NaN,NaN,,LT,,,,,LT,Lateral terminal nucleus of the accessory optic tract,,,,,,,
PVT,3.47E-05,TRUE,4,14.75,0.07671299045,0.6232855985,0.75,0.684813944,0.493504541,,PVT,1.02E-03,-1.24E-05,1.04E-03,4.51E-03,2.06E-04,4.58E-03,,DT,,,,,DT,Dorsal terminal nucleus of the accessory optic tract,,,,,,,
PYR,,,,,,,,,,,PYR,1.01E-02,1.51E-03,8.55E-03,3.24E-02,5.08E-03,2.87E-02,,MT,,,,,MT,Medial terminal nucleus of the accessory optic tract,,,,,,,
RCH,,,,,,,,,,,RCH,NaN,NaN,NaN,NaN,NaN,NaN,,SNc,,,,,SNc,Substantia nigra compact part,,,,,,,
RE,,,,,,,,,,,RE,1.12E-03,7.38E-05,1.04E-03,2.61E-03,2.79E-04,2.61E-03,,PPN,0.883478828,0.733335187,0.954347883,,PPN,Pedunculopontine nucleus,,,,,,,
RH,,,,,,,,,,,RH,3.43E-04,1.25E-04,2.19E-04,5.86E-04,1.75E-04,4.97E-04,,IF,,,,,IF,Interfascicular nucleus raphe,,,,,,,
RL,,,,,,,,,,,RL,3.05E-02,-4.01E-05,3.06E-02,8.50E-02,2.89E-03,8.65E-02,,IPN,,,,,IPN,Interpeduncular nucleus,,,,,,,
RM,,,,,,,,,,,RM,NaN,NaN,NaN,NaN,NaN,NaN,,RL,,,,,RL,Rostral linear nucleus raphe,,,,,,,
RN,7.34E-08,TRUE,5,14.6,0.0739735866,0.8600464239,1,0.8600464239,0.4984594265,,RN,2.71E-02,3.26E-03,2.38E-02,1.00E-01,7.41E-03,1.02E-01,,CLI,0.889387274,0.608572805,0.976516147,,CLI,Central linear nucleus raphe,,,,,,,
RO,,,,,,,,,,,RO,2.33E-03,-3.42E-05,2.36E-03,2.33E-03,-3.42E-05,2.36E-03,,DR,,,,,DR,Dorsal nucleus raphe,,,,,,,
RPA,,,,,,,,,,,RPA,NaN,NaN,NaN,NaN,NaN,NaN,,NLL,0.750000001,0.605403656,0.85435722,,NLL,Nucleus of the lateral lemniscus,,,,,,,
RPF,,,,,,,,,,,RPF,1.30E-02,1.46E-02,-1.63E-03,2.24E-02,5.03E-02,1.43E-02,,PSV,0.847457636,0.729086187,0.919798011,,PSV,Principal sensory nucleus of the trigeminal,,,,,,,
RPO,,,,,,,,,,,RPO,NaN,NaN,NaN,NaN,NaN,NaN,,PB,0.882352943,0.793382671,0.93609796,,PB,Parabrachial nucleus,,,,,,,
RR,,,,,,,,,,,RR,7.48E-03,1.89E-04,7.29E-03,2.42E-02,7.40E-04,2.40E-02,,SOC,,,,,SOC,Superior olivary complex,,,,,,,
RSPagl,4.87E-06,TRUE,5,23.4,0.09762363253,0.676631016,0.8,0.6835453248,0.4984243697,,RSPagl,3.62E-03,3.28E-04,3.30E-03,1.41E-02,1.22E-03,1.18E-02,,B,,,,,B,Barrington's nucleus,,,,,,,
RSPd,2.69E-06,TRUE,7,17.14285714,0.03315376983,0.5773070608,0.7142857143,0.5787207823,0.4993411996,,RSPd,1.43E-03,1.45E-04,1.28E-03,7.11E-03,1.37E-03,5.10E-03,,DTN,,,,,DTN,Dorsal tegmental nucleus,,,,,,,
RSPv,7.63E-08,TRUE,7,19.28571429,0.06466520544,0.6085453284,0.8571428571,0.6293479387,0.4954146984,,RSPv,1.86E-03,1.44E-04,1.71E-03,7.74E-03,7.38E-04,7.28E-03,,PDTg,,,,,PDTg,Posterodorsal tegmental nucleus,,,,,,,
RT,1.77E-05,TRUE,3,12.33333333,0.1077266504,0.9665040558,1,0.9665040558,0.494689593,,RT,1.26E-02,2.24E-03,1.04E-02,4.87E-02,8.54E-03,4.15E-02,,PCG,0.941708285,0.389494356,0.997561448,,PCG,Pontine central gray,,,,,,,
SAG,,,,,,,,,,,SAG,2.90E-03,3.95E-05,2.86E-03,1.21E-02,7.97E-04,1.21E-02,,PG,,,,,PG,Pontine gray,,,,,,,
SBPV,,,,,,,,,,,SBPV,NaN,NaN,NaN,NaN,NaN,NaN,,PRNc,0.895441783,0.777990346,0.954399042,,PRNc,Pontine reticular nucleus caudal part,,,,,,,
SCH,,,,,,,,,,,SCH,NaN,NaN,NaN,NaN,NaN,NaN,,SG,,,,,SG,Supragenual nucleus,,,,,,,
SCm,9.10E-29,TRUE,23,20.08695652,0.1249095631,0.8423016565,1,0.8423016565,0.495211039,,SCm,1.78E-02,1.28E-03,1.65E-02,8.56E-02,5.53E-03,8.49E-02,,SUT,,,,,SUT,Supratrigeminal nucleus,,,,,,,
SCs,,,,,,,,,,,SCs,2.54E-03,2.23E-04,2.32E-03,1.09E-02,1.39E-03,1.03E-02,,TRN,0.881578947,0.785875296,0.937888303,,TRN,Tegmental reticular nucleus,,,,,,,
SF,,,,,,,,,,,SF,1.60E-03,3.38E-04,1.27E-03,8.35E-03,1.52E-03,6.46E-03,,V,0.757450971,0.630828651,0.850907499,,V,Motor nucleus of trigeminal,,,,,,,
SFO,,,,,,,,,,,SFO,NaN,NaN,NaN,NaN,NaN,NaN,,P5,,,,,P5,Peritrigeminal zone,,,,,,,
SG,,,,,,,,,,,SG,NaN,NaN,NaN,NaN,NaN,NaN,,Acs5,,,,,Acs5,Accessory trigeminal nucleus,,,,,,,
SGN,7.34E-08,TRUE,5,12.8,0.09031715049,0.7837406015,1,0.7837406015,0.4947334245,,SGN,1.01E-02,8.30E-04,9.23E-03,5.71E-02,2.60E-03,5.68E-02,,PC5,,,,,PC5,Parvicellular motor 5 nucleus,,,,,,,
SH,,,,,,,,,,,SH,2.85E-05,-8.84E-05,1.17E-04,7.48E-05,7.91E-05,3.31E-04,,I5,,,,,I5,Intertrigeminal nucleus,,,,,,,
SI,7.34E-08,TRUE,5,12.8,0.0784084605,0.8379830918,1,0.8379830918,0.4974874715,,SI,8.55E-03,9.17E-04,7.63E-03,4.32E-02,1.89E-03,3.93E-02,,CS,0.711864407,0.581526568,0.814552838,,CS,Superior central nucleus raphe,,,,,,,
SIM,4.86E-09,TRUE,6,28.5,0.06351148174,0.8403609217,1,0.8403609217,0.4964005213,,SIM,7.29E-03,1.07E-03,6.22E-03,4.10E-02,6.20E-03,3.72E-02,,LC,,,,,LC,Locus ceruleus,,,,,,,
SLC,,,,,,,,,,,SLC,NaN,NaN,NaN,NaN,NaN,NaN,,LDT,,,,,LDT,Laterodorsal tegmental nucleus,,,,,,,
SLD,,,,,,,,,,,SLD,NaN,NaN,NaN,NaN,NaN,NaN,,NI,,,,,NI,Nucleus incertus,,,,,,,
SMT,2.87E-04,TRUE,2,25,0.1105983401,0.7808730958,1,0.7808730958,0.4989922391,,SMT,3.10E-03,4.56E-04,2.65E-03,1.21E-02,2.23E-03,1.22E-02,,PRNr,0.822104436,0.641571122,0.922667296,,PRNr,Pontine reticular nucleus,151,0.0004997501249,3.266804773,0,0.0004997501249,5.055500334,0
SNc,,,,,,,,,,,SNc,1.48E-02,4.63E-04,1.43E-02,3.74E-02,1.68E-03,3.64E-02,,RPO,,,,,RPO,Nucleus raphe pontis,,,,,,,
SNr,,,,,,,,,,,SNr,1.43E-02,6.76E-04,1.37E-02,4.59E-02,4.86E-03,4.39E-02,,SLC,,,,,SLC,Subceruleus nucleus,,,,,,,
SO,,,,,,,,,,,SO,NaN,NaN,NaN,NaN,NaN,NaN,,SLD,,,,,SLD,Sublaterodorsal nucleus,,,,,,,
SOC,,,,,,,,,,,SOC,5.15E-03,6.93E-03,-1.78E-03,1.79E-02,2.60E-02,8.19E-04,,AP,,,,,AP,Area postrema,,,,,,,
SPA,,,,,,,,,,,SPA,7.33E-03,3.12E-04,7.02E-03,1.86E-02,1.03E-03,1.81E-02,,DCO,0.715779826,0.525885558,0.851145269,,DCO,Dorsal cochlear nucleus,,,,,,,
SPF,,,,,,,,,,,SPF,1.47E-02,1.93E-03,1.28E-02,6.81E-02,7.53E-03,6.95E-02,,VCO,0.966666663,0.783656347,0.995711365,,VCO,Ventral cochlear nucleus,,,,,,,
SPIV,,,,,,,,,,,SPIV,1.29E-02,1.00E-04,1.28E-02,5.54E-02,2.29E-03,5.06E-02,,CU,,,,,CU,Cuneate nucleus,,,,,,,
SPVC,,,,,,,,,,,SPVC,8.10E-03,1.30E-03,6.80E-03,2.70E-02,6.61E-03,2.58E-02,,GR,,,,,GR,Gracile nucleus,,,,,,,
SPVI,3.25E-05,TRUE,3,11.33333333,0.1152126712,0.6996784922,1,0.6996784922,0.4937308869,,SPVI,9.90E-03,3.86E-04,9.51E-03,5.04E-02,2.74E-03,5.02E-02,,ECU,,,,,ECU,External cuneate nucleus,,,,,,,
SPVO,,,,,,,,,,,SPVO,8.35E-03,2.39E-06,8.35E-03,2.86E-02,1.74E-03,2.84E-02,,NTB,,,,,NTB,Nucleus of the trapezoid body,,,,,,,
SSp-bfd,1.04E-10,TRUE,10,21.2,0.09842318651,0.6252608941,0.8,0.6748237699,0.4959105431,,SSp-bfd,2.39E-03,2.04E-04,2.19E-03,9.70E-03,1.03E-03,7.81E-03,,NTS,,,,,NTS,Nucleus of the solitary tract,,,,,,,
SSp-ll,0.0002872852112,TRUE,2,22.5,0.02055927827,0.7283490581,1,0.7283490581,0.4981172124,,SSp-ll,5.04E-03,1.17E-04,4.92E-03,2.21E-02,1.22E-03,2.16E-02,,SPVC,,,,,SPVC,Spinal nucleus of the trigeminal caudal part,,,,,,,
SSp-m,4.86E-09,TRUE,6,24.33333333,0.08258011045,0.6901891343,1,0.6901891343,0.4972806549,,SSp-m,6.70E-03,3.19E-04,6.38E-03,4.23E-02,1.95E-03,4.08E-02,,SPVI,0.747126441,0.644055257,0.828307682,,SPVI,Spinal nucleus of the trigeminal interpolar part,,,,,,,
SSp-n,0.005734594405,TRUE,2,13,0.1734006633,0.7169102787,0.5,0.890310942,0.4990318003,,SSp-n,9.97E-03,2.92E-04,9.68E-03,4.58E-02,2.25E-03,4.68E-02,,SPVO,0.784615392,0.665968822,0.869384565,,SPVO,Spinal nucleus of the trigeminal oral part,,,,,,,
SSp-tr,4.27E-06,TRUE,6,23.33333333,0.06428454256,0.6106331078,0.6666666667,0.6249623884,0.4944614011,,SSp-tr,3.60E-03,6.12E-04,2.99E-03,1.36E-02,4.18E-03,1.27E-02,,Pa5,,,,,Pa5,Paratrigeminal nucleus,,,,,,,
SSp-ul,1.13E-06,TRUE,4,23.5,0.1121978491,0.7248508849,1,0.7248508849,0.4985452885,,SSp-ul,4.30E-03,5.15E-04,3.79E-03,2.33E-02,3.32E-03,2.08E-02,,VI,,,,,VI,Abducens nucleus,,,,,,,
SSp-un,,,,,,,,,,,SSp-un,5.91E-03,4.40E-04,5.47E-03,1.96E-02,3.47E-03,1.61E-02,,VII,,,,,VII,Facial motor nucleus,,,,,,,
SSs,4.21E-08,TRUE,6,37.16666667,0.1434583632,0.7418871438,0.8333333333,0.7982533852,0.4990938082,,SSs,3.89E-03,1.42E-03,2.47E-03,1.65E-02,4.29E-03,1.39E-02,,AMB,,,,,AMB,Nucleus ambiguus,,,,,,,
STN,,,,,,,,,,,STN,1.44E-03,1.20E-04,1.32E-03,4.86E-03,4.10E-04,4.45E-03,,DMX,,,,,DMX,Dorsal motor nucleus of the vagus nerve,,,,,,,
SUB,1.74E-06,TRUE,7,40.71428571,0.1091851912,0.5834773531,0.5714285714,0.6816153485,0.4942146153,,SUB,1.88E-03,2.49E-04,1.63E-03,6.31E-03,1.54E-03,5.70E-03,,GRN,0.840219417,0.692337222,0.924746293,,GRN,Gigantocellular reticular nucleus,129,0.0004997501249,2.893447583,0.04647887324,0.0004997501249,3.334674401,0.04647887324
SubG,,,,,,,,,,,SubG,NaN,NaN,NaN,NaN,NaN,NaN,,ICB,,,,,ICB,Infracerebellar nucleus,,,,,,,
SUM,,,,,,,,,,,SUM,-6.72E-04,8.23E-04,-1.50E-03,-6.72E-04,8.23E-04,-1.50E-03,,IO,,,,,IO,Inferior olivary complex,,,,,,,
SUT,,,,,,,,,,,SUT,4.06E-02,2.33E-03,3.83E-02,1.71E-01,1.44E-02,1.76E-01,,IRN,0.854290005,0.770852157,0.91085956,,IRN,Intermediate reticular nucleus,172,0.0004997501249,4.000382858,0.04225352113,0.0004997501249,3.976340059,0.03802816901
SUV,,,,,,,,,,,SUV,2.61E-02,-3.19E-05,2.61E-02,9.68E-02,9.31E-03,9.68E-02,,ISN,,,,,ISN,Inferior salivatory nucleus,,,,,,,
TEa,7.34E-08,TRUE,5,26,0.05631489017,0.7451431104,1,0.7451431104,0.4940247253,,TEa,1.91E-03,4.64E-04,1.44E-03,5.25E-03,1.92E-03,4.02E-03,,LIN,,,,,LIN,Linear nucleus of the medulla,,,,,,,
TM,,,,,,,,,,,TM,NaN,NaN,NaN,NaN,NaN,NaN,,LRN,,,,,LRN,Lateral reticular nucleus,,,,,,,
TR,,,,,,,,,,,TR,1.84E-03,5.86E-06,1.84E-03,1.07E-02,7.34E-04,1.05E-02,,MARN,0.857142857,0.664551589,0.947840238,,MARN,Magnocellular reticular nucleus,,,,,,,
TRN,,,,,,,,,,,TRN,7.58E-03,6.52E-04,6.93E-03,2.61E-02,2.63E-03,2.57E-02,,MDRN,0.565217391,0.416616134,0.702954882,,MDRN,Medullary reticular nucleus,,,,,,,
TRS,,,,,,,,,,,TRS,1.05E-03,1.24E-04,9.29E-04,6.34E-03,7.63E-04,6.30E-03,,PARN,0.771903518,0.653733575,0.85847611,,PARN,Parvicellular reticular nucleus,,,,,,,
TTd,9.47E-07,TRUE,7,24.85714286,0.1040949606,0.6488970588,0.7142857143,0.7169677791,0.4934710003,,TTd,1.93E-03,2.39E-04,1.69E-03,6.94E-03,1.63E-03,6.77E-03,,PAS,,,,,PAS,Parasolitary nucleus,,,,,,,
TTv,,,,,,,,,,,TTv,NaN,NaN,NaN,NaN,NaN,NaN,,PGRN,,,,,PGRN,Paragigantocellular reticular nucleus,,,,,,,
TU,,,,,,,,,,,TU,9.96E-03,3.64E-05,9.92E-03,2.90E-02,1.48E-04,2.90E-02,,NR,,,,,NR,Nucleus of Roller,,,,,,,
UVU,,,,,,,,,,,UVU,4.37E-02,4.52E-05,4.36E-02,1.15E-01,8.89E-04,1.14E-01,,PRP,,,,,PRP,Nucleus prepositus,,,,,,,
V,,,,,,,,,,,V,1.51E-02,5.25E-03,9.87E-03,8.38E-02,2.35E-02,8.01E-02,,PMR,,,,,PMR,Paramedian reticular nucleus,,,,,,,
VAL,7.34E-08,TRUE,5,23,0.08575406609,0.8026602519,1,0.8026602519,0.4940725244,,VAL,1.51E-02,1.32E-03,1.38E-02,6.84E-02,3.56E-03,5.82E-02,,PPY,,,,,PPY,Parapyramidal nucleus,,,,,,,
VCO,,,,,,,,,,,VCO,7.56E-03,7.60E-03,-4.60E-05,1.84E-02,3.92E-02,1.52E-02,,LAV,,,,,LAV,Lateral vestibular nucleus,,,,,,,
VeCB,,,,,,,,,,,VeCB,1.21E-02,9.36E-04,1.12E-02,5.68E-02,4.42E-03,5.56E-02,,MV,0.837058784,0.755117705,0.895380015,,MV,Medial vestibular nucleus,126,0.0004997501249,4.14596999,0.07183098592,0.0004997501249,4.27693869,0.04225352113
VI,,,,,,,,,,,VI,NaN,NaN,NaN,NaN,NaN,NaN,,SPIV,0.625931946,0.435158022,0.784222431,,SPIV,Spinal vestibular nucleus,,,,,,,
VII,,,,,,,,,,,VII,6.02E-02,2.58E-03,5.76E-02,1.17E-01,2.01E-02,1.16E-01,,SUV,0.795294749,0.595585178,0.9111032,,SUV,Superior vestibular nucleus,,,,,,,
VISa,4.82E-22,TRUE,25,23.88,0.06541216708,0.6160517166,0.8,0.634510217,0.4970096882,,VISa,2.04E-03,2.75E-04,1.77E-03,8.78E-03,1.71E-03,8.19E-03,,x,,,,,x,Nucleus x,,,,,,,
VISal,,,,,,,,,,,VISal,1.22E-03,-9.71E-05,1.32E-03,4.10E-03,2.33E-04,4.12E-03,,XII,,,,,XII,Hypoglossal nucleus,,,,,,,
VISam,2.33E-10,TRUE,8,23,0.05908923622,0.6377232819,0.875,0.6404317269,0.5004995947,,VISam,1.51E-03,2.05E-04,1.30E-03,6.89E-03,2.07E-03,6.83E-03,,y,,,,,y,Nucleus y,,,,,,,
VISC,0.0002872852112,TRUE,2,23,0.06121253474,0.7006798714,1,0.7006798714,0.4970457662,,VISC,3.91E-03,2.01E-03,1.90E-03,2.66E-02,9.02E-03,1.04E-02,,RM,,,,,RM,Nucleus raphe magnus,,,,,,,
VISl,1.34E-04,TRUE,5,18.8,0.03968231902,0.5818641431,0.6,0.587576579,0.4969004766,,VISl,1.05E-03,1.19E-04,9.34E-04,5.70E-03,9.86E-04,4.47E-03,,RPA,,,,,RPA,Nucleus raphe pallidus,,,,,,,
VISli,0.0005402570548,TRUE,2,21.5,0.0413093158,0.6076450013,1,0.6076450013,0.4984480099,,VISli,3.42E-03,6.77E-04,2.74E-03,2.29E-02,2.88E-03,1.37E-02,,RO,,,,,RO,Nucleus raphe obscurus,,,,,,,
VISp,4.94E-13,TRUE,14,25.28571429,0.1060099478,0.6299676853,0.7857142857,0.6585385101,0.4953757924,,VISp,5.90E-03,6.63E-05,5.83E-03,2.06E-02,7.64E-04,2.05E-02,,LING,,,,,LING,Lingula (I),,,,,,,
VISpl,,,,,,,,,,,VISpl,1.48E-03,3.39E-05,1.45E-03,7.44E-03,8.22E-04,7.70E-03,,CENT2,0.873639326,0.767992597,0.935235685,,CENT2,Lobule II,110,0.0004997501249,0.9611870134,0.0485915493,0.0004997501249,1.52934469,0.04436619718
VISpm,1.09E-04,TRUE,3,30.66666667,0.07749646373,0.583629731,1,0.583629731,0.4942078281,,VISpm,1.49E-03,1.17E-04,1.37E-03,5.74E-03,8.62E-04,5.52E-03,,CENT3,0.866506501,0.753513067,0.93235223,,CENT3,Lobule III,128,0.0004997501249,2.605218059,0.06549295775,0.0004997501249,2.891831742,0.07816901408
VISpor,1.46E-03,TRUE,2,41,0.02185903898,0.5791826277,1,0.5791826277,0.496167779,,VISpor,3.03E-03,1.07E-03,1.96E-03,1.33E-02,7.19E-03,1.15E-02,,CUL4 5,0.863971406,0.784935707,0.917031768,,CUL4 5,Lobules IV-V,300,0.0004997501249,1.505259715,0.06338028169,0.0004997501249,2.026392815,0.05492957746
VISrl,2.78E-02,TRUE,2,21,0.09234297764,0.564802423,0.5,0.6571454006,0.4927458247,,VISrl,3.90E-03,4.30E-04,3.47E-03,1.50E-02,2.08E-03,1.44E-02,,DEC,0.789473684,0.661708384,0.877889571,,DEC,Declive (VI),,,,,,,
VLPO,,,,,,,,,,,VLPO,NaN,NaN,NaN,NaN,NaN,NaN,,FOTU,,,,,FOTU,Folium-tuber vermis (VII),,,,,,,
VM,0.0002872852112,TRUE,2,11,0.03943184717,0.8847858399,1,0.8847858399,0.4905252566,,VM,1.76E-02,8.65E-04,1.68E-02,8.81E-02,3.82E-03,8.21E-02,,PYR,,,,,PYR,Pyramus (VIII),,,,,,,
VMH,,,,,,,,,,,VMH,3.21E-04,-1.12E-04,4.34E-04,3.21E-04,-1.12E-04,4.34E-04,,UVU,,,,,UVU,Uvula (IX),,,,,,,
VMPO,,,,,,,,,,,VMPO,NaN,NaN,NaN,NaN,NaN,NaN,,NOD,0.647621029,0.442160395,0.809936208,,NOD,Nodulus (X),,,,,,,
VPL,5.58E-09,TRUE,7,21.28571429,0.09757766907,0.6818542313,1,0.6818542313,0.4976630205,,VPL,5.06E-03,8.24E-04,4.24E-03,2.31E-02,4.63E-03,2.10E-02,,SIM,0.856001908,0.721865779,0.931579542,,SIM,Simple lobule,203,0.0004997501249,1.843057682,0.06549295775,0.0004997501249,2.032769165,0.05915492958
VPLpc,,,,,,,,,,,VPLpc,7.27E-03,2.75E-03,4.52E-03,2.87E-02,1.67E-02,1.98E-02,,ANcr1,0.849570214,0.765409979,0.9071983,,ANcr1,Crus 1,138,0.0004997501249,0.9757983373,0.02323943662,0.0004997501249,0.8043774174,0.02323943662
VPM,1.36E-20,TRUE,18,28.22222222,0.1181090906,0.7085306703,0.9444444444,0.7124621996,0.4964888983,,VPM,6.23E-03,5.85E-04,5.64E-03,2.68E-02,2.74E-03,2.49E-02,,ANcr2,0.834760608,0.772790917,0.88240053,,ANcr2,Crus 2,134,0.0004997501249,1.017852514,0.0485915493,0.0004997501249,0.9855474231,0.0485915493
VPMpc,,,,,,,,,,,VPMpc,2.72E-02,9.81E-04,2.62E-02,1.05E-01,5.35E-03,1.07E-01,,PRM,0.915585547,0.818556582,0.963068215,,PRM,Paramedian lobule,127,0.0004997501249,1.461260525,0.06126760563,0.0004997501249,1.642507751,0.07183098592
VTA,,,,,,,,,,,VTA,1.93E-02,1.03E-03,1.83E-02,5.25E-02,4.50E-03,4.80E-02,,COPY,0.8,0.696343641,0.87464212,,COPY,Copula pyramidis,,,,,,,
VTN,,,,,,,,,,,VTN,4.99E-02,1.07E-03,4.88E-02,9.78E-02,2.16E-03,9.70E-02,,PFL,0.807692312,0.601143185,0.9212852,,PFL,Paraflocculus,,,,,,,
x,,,,,,,,,,,x,-8.30E-04,-3.65E-04,-4.65E-04,1.03E-03,1.47E-03,1.45E-03,,FL,,,,,FL,Flocculus,,,,,,,
Xi,,,,,,,,,,,Xi,NaN,NaN,NaN,NaN,NaN,NaN,,FN,,,,,FN,Fastigial nucleus,,,,,,,
XII,,,,,,,,,,,XII,1.59E-02,1.12E-04,1.58E-02,3.90E-02,2.06E-04,3.90E-02,,IP,0.727581411,0.542894778,0.857266582,,IP,Interposed nucleus,174,0.0004997501249,1.565169224,0.09084507042,1,2.676733403,0.07816901408
y,,,,,,,,,,,y,3.31E-03,1.20E-04,3.19E-03,3.31E-03,1.20E-04,3.19E-03,,DN,0.86046511,0.71727561,0.937457739,,DN,Dentate nucleus,,,,,,,
ZI,1.33E-07,TRUE,5,11,0.1347304199,0.8230735931,1,0.8230735931,0.4956243316,,ZI,1.56E-02,1.54E-03,1.40E-02,5.79E-02,7.03E-03,5.80E-02,,VeCB,,,,,VeCB,Vestibulocerebellar nucleus,,,,,,,